{
	"code": "deadhare",
	"class": "butcherable",
	"variantgroups": [
		{
			"code": "type",
			"states": [ "male", "female", "baby" ]
		},
		{
			"code": "skin",
			"states": [ "arctic", "cape", "european", "indian", "jackblack", "scrub" ]
		},
		{
			"code": "texture",
			"states": [ "1", "2", "3", "4" ]
		},
		{
			"code": "state",
			"states": [ "dead", "skinned", "bledout", "rotten" ]
		}
	],
	"allowedVariants": [
		"deadhare-male-arctic-1-*",
		"@deadhare-male-cape-[1-2]-.*",
		"@deadhare-male-european-[1-4]-.*",
		"deadhare-male-indian-1-*",
		"deadhare-male-jackblack-1-*",
		"deadhare-male-scrub-1-*",
		"deadhare-female-arctic-1-*",
		"@deadhare-female-cape-[1-2]-.*",
		"@deadhare-female-european-[1-4]-.*",
		"deadhare-female-indian-1-*",
		"deadhare-female-jackblack-1-*",
		"deadhare-female-scrub-1-*",
		"deadhare-baby-european-1-*"
	],
	"skipVariants": [
		"@deadhare-.*-[2-4]-(skinned|bledout|rotten)"
	],
	"maxstacksize": 1,
	"behaviors": [
		{
			"name": "GroundStorable",
			"properties": {
				"layout": "SingleCenter",
				"collisionBox": {
					"x1": 0.2,
					"y1": 0,
					"z1": 0.2,
					"x2": 0.8,
					"y2": 0.5,
					"z2": 0.8
				}
			}
		}
	],
	"texturesByType": {
		"deadhare-male-*-dead": { "skin": { "base": "game:entity/animal/mammal/hare/{skin}-{type}{texture}" } },
		"deadhare-female-*-dead": { "skin": { "base": "game:entity/animal/mammal/hare/{skin}-{type}{texture}" } },
		"deadhare-baby-*-dead": { "skin": { "base": "game:entity/animal/mammal/hare/{skin}-{type}" } },
		"deadhare-*-skinned": { "skin": { "base": "butchering:item/butchercreatures/animalredmeatbloody" } },
		"deadhare-*-bledout": { "skin": { "base": "butchering:item/butchercreatures/animalredmeatbledout" } },
		"deadhare-*-rotten": { "skin": { "base": "game:block/creature/rot/rot" } }
	},
	"attributesByType": {
		"deadhare-male-*": {
			"size": 0.5,
			"mass": 0.02,
			"bloodAmount": 50,
			"butcheringWorkLoad": "small",
			"handbookByType": {
				"*-rotten": {
					"exclude": false
				},
				"*": {
					"exclude": true
				}
			},
			"hangingShape": { "base": "butchering:creatures/game/hare/hare-male-hanging" },
			"excludeRewards": [],
			"butcheringRewards": [
				{
					"type": "item",
					"code": "butchering:offal-bloody",
					"quantity": {
						"avg": 1.6,
						"var": 0.5
					}
				}
			],
			"skinningRewards": [
			]
		},
		"deadhare-female-*": {
			"size": 0.5,
			"mass": 0.02,
			"bloodAmount": 50,
			"butcheringWorkLoad": "small",
			"handbookByType": {
				"*-rotten": {
					"exclude": false
				},
				"*": {
					"exclude": true
				}
			},
			"hangingShape": { "base": "butchering:creatures/game/hare/hare-female-hanging" },
			"excludeRewards": [],
			"butcheringRewards": [
				{
					"type": "item",
					"code": "butchering:offal-bloody",
					"quantity": {
						"avg": 1.6,
						"var": 0.5
					}
				}
			],
			"skinningRewards": [
			]
		},
		"deadhare-baby-*": {
			"size": 0.5,
			"mass": 0,
			"bloodAmount": 10,
			"butcheringWorkLoad": "small",
			"handbookByType": {
				"*-rotten": {
					"exclude": false
				},
				"*": {
					"exclude": true
				}
			},
			"hangingShape": { "base": "butchering:creatures/game/hare/hare-baby-hanging" },
			"excludeRewards": [],
			"butcheringRewards": [
			],
			"skinningRewards": [
			]
		}
	},

	"shapeByType": {
		"deadhare-male-*": { "base": "creatures/game/hare/hare-male-dead" },
		"deadhare-female-*": { "base": "creatures/game/hare/hare-female-dead" },
		"deadhare-baby-*": { "base": "creatures/game/hare/hare-baby-dead" }
	},
	"storageFlagsbytype": {
		"deadhare-baby-*": 2049,
		"*-rotten": 1,
		"*": 2049
	},
	"transitionablePropsByType": {
		"*-rotten": [],
		"*": [
			{
				"type": "perish",
				"freshHours": {
					"avg": 80
				},
				"transitionHours": {
					"avg": 24
				},
				"transitionedStack": {
					"type": "item",
					"code": "butchering:deadhare-{type}-{skin}-1-rotten"
				},
				"transitionRatio": 1
			}
		]
	},
	"creativeinventory": {
		"general": [ "*" ],
		"items": [ "*" ]
	},
	"heldTpIdleAnimation": "holdunderarm",
	"guiTransform": {
		"translation": {
			"x": 0,
			"y": 0,
			"z": 0
		},
		"rotation": {
			"x": -20,
			"y": 21,
			"z": 180
		},
		"origin": {
			"x": 0.53,
			"y": 0.35,
			"z": 0.5
		},
		"scale": 1,
		"rotate": true
	},
	"fpHandTransform": {
		"translation": {
			"x": 0,
			"y": 0,
			"z": 0
		},
		"rotation": {
			"x": -132,
			"y": -180,
			"z": -18
		}
	},
	"tpHandTransform": {
		"translation": {
			"x": -0.5,
			"y": -0.3,
			"z": -0.7
		},
		"rotation": {
			"x": -89,
			"y": -12,
			"z": 3
		},
		"scale": 0.86
	},
	"groundTransform": {
		"translation": {
			"x": 0,
			"y": 0,
			"z": 0
		},
		"rotation": {
			"x": 180,
			"y": 33,
			"z": -180
		},
		"origin": {
			"x": 0.5,
			"y": 0,
			"z": 0.5
		},
		"scale": 4.5
	}
}