{
	"code": "deadhyena",
	"class": "butcherable",
	"variantgroups": [
		{
			"code": "type",
			"states": [ "male", "female", "baby" ]
		},
		{
			"code": "skin",
			"states": [ "spotted" ]
		},
		{
			"code": "texture",
			"states": [ "1", "2" ]
		},
		{
			"code": "state",
			"states": [ "dead", "skinned", "bledout", "rotten" ]
		}
	],
	"allowedVariants": [
		"deadhyena-male-*-1-*",
		"deadhyena-female-*",
		"deadhyena-baby-*-1-*"
	],
	"skipVariants": [
		"@deadhyena-.*-[2-2]-(skinned|bledout|rotten)"
	],
	"maxstacksize": 1,
	"behaviors": [
		{
			"name": "GroundStorable",
			"properties": {
				"layout": "SingleCenter",
				"collisionBox": {
					"x1": 0.2,
					"y1": 0,
					"z1": 0.2,
					"x2": 0.8,
					"y2": 0.5,
					"z2": 0.8
				}
			}
		}
	],
	"texturesByType": {
		"deadhyena-male-*-dead": { "hyena": { "base": "game:entity/animal/mammal/hyena/{skin}-{type}{texture}" } },
		"deadhyena-female-*-dead": { "hyena": { "base": "game:entity/animal/mammal/hyena/{skin}-{type}{texture}" } },
		"deadhyena-baby-*-dead": { "hyena": { "base": "game:entity/animal/mammal/hyena/{skin}-{type}" } },
		"deadhyena-*-skinned": { "hyena": { "base": "butchering:item/butchercreatures/animalbushmeatbloody" } },
		"deadhyena-*-bledout": { "hyena": { "base": "butchering:item/butchercreatures/animalbushmeatbledout" } },
		"deadhyena-*-rotten": { "hyena": { "base": "game:block/creature/rot/rot" } }
	},
	"attributesByType": {
		"deadhyena-male-*": {
			"size": 0.5,
			"mass": 0.04,
			"bloodAmount": 200,
			"butcheringWorkLoad": "medium",
			"handbookByType": {
				"*-rotten": {
					"exclude": false
				},
				"*": {
					"exclude": true
				}
			},
			"hangingShape": { "base": "butchering:creatures/game/hyena/hyena-male-hanging" },
			"excludeRewards": [],
			"butcheringRewards": [
				{
					"type": "item",
					"code": "butchering:sinew-wet",
					"quantity": {
						"avg": 1.1,
						"var": 0.5
					}
				},
				{
					"type": "item",
					"code": "butchering:offal-bloody",
					"quantity": {
						"avg": 1,
						"var": 0.5
					}
				}
			],
			"skinningRewards": [
			]
		},
		"deadhyena-female-*": {
			"size": 0.5,
			"mass": 0.04,
			"bloodAmount": 200,
			"butcheringWorkLoad": "medium",
			"handbookByType": {
				"*-rotten": {
					"exclude": false
				},
				"*": {
					"exclude": true
				}
			},
			"hangingShape": { "base": "butchering:creatures/game/hyena/hyena-female-hanging" },
			"excludeRewards": [],
			"butcheringRewards": [
				{
					"type": "item",
					"code": "butchering:sinew-wet",
					"quantity": {
						"avg": 1.1,
						"var": 0.5
					}
				},
				{
					"type": "item",
					"code": "butchering:offal-bloody",
					"quantity": {
						"avg": 1,
						"var": 0.5
					}
				}
			],
			"skinningRewards": [
			]
		},
		"deadhyena-baby-*": {
			"size": 0.5,
			"mass": 0,
			"bloodAmount": 20,
			"butcheringWorkLoad": "small",
			"handbookByType": {
				"*-rotten": {
					"exclude": false
				},
				"*": {
					"exclude": true
				}
			},
			"hangingShape": { "base": "butchering:creatures/game/hyena/hyena-pup-hanging" },
			"excludeRewards": [],
			"butcheringRewards": [
			],
			"skinningRewards": [
			]
		}
	},

	"shapeByType": {
		"deadhyena-male-*": { "base": "creatures/game/hyena/hyena-male-dead" },
		"deadhyena-female-*": { "base": "creatures/game/hyena/hyena-female-dead" },
		"deadhyena-baby-*": { "base": "creatures/game/hyena/hyena-pup-dead" }

	},
	"storageFlagsbytype": {
		"deadhyena-baby-*": 2049,
		"*-rotten": 1,
		"*": 2050
	},
	"transitionablePropsByType": {
		"*-rotten": [],
		"*": [
			{
				"type": "perish",
				"freshHours": {
					"avg": 80
				},
				"transitionHours": {
					"avg": 24
				},
				"transitionedStack": {
					"type": "item",
					"code": "butchering:deadhyena-{type}-{skin}-1-rotten"
				},
				"transitionRatio": 1
			}
		]
	},
	"creativeinventory": {
		"general": [ "*" ],
		"items": [ "*" ]
	},
	"heldTpIdleAnimation": "holdunderarm",
	"guiTransform": {
		"translation": {
			"x": 0,
			"y": 0,
			"z": 0
		},
		"rotation": {
			"x": -20,
			"y": 21,
			"z": 180
		},
		"origin": {
			"x": 0.53,
			"y": 0.35,
			"z": 0.5
		},
		"scale": 1,
		"rotate": true
	},
	"fpHandTransform": {
		"translation": {
			"x": 0,
			"y": 0,
			"z": 0
		},
		"rotation": {
			"x": -132,
			"y": -180,
			"z": -18
		}
	},
	"tpHandTransform": {
		"translation": {
			"x": -0.5,
			"y": -0.3,
			"z": -0.7
		},
		"rotation": {
			"x": -89,
			"y": -12,
			"z": 3
		},
		"scale": 0.86
	},
	"groundTransform": {
		"translation": {
			"x": 0,
			"y": 0,
			"z": 0
		},
		"rotation": {
			"x": 180,
			"y": 33,
			"z": -180
		},
		"origin": {
			"x": 0.5,
			"y": 0,
			"z": 0.5
		},
		"scale": 4.5
	}
}