{
	"enabled": true,
	"code": "deadmoose",
	"class": "butcherable",
	"variantgroups": [
		{
			"code": "type",
			"states": [ "male", "baby" ]
		},
		{
			"code": "skin",
			"states": [ "moose" ]
		},
		{
			"code": "texture",
			"states": [ "1" ]
		},
		{
			"code": "state",
			"states": [ "dead", "skinned", "bledout", "rotten" ]
		}
	],
	"allowedVariants": [
		"deadmoose-male-*",
		"deadmoose-baby-*"
	],
	"skipVariants": [
	],
	"maxstacksize": 1,
	"behaviors": [
		{
			"name": "GroundStorable",
			"properties": {
				"layout": "SingleCenter",
				"collisionBox": {
					"x1": 0.2,
					"y1": 0,
					"z1": 0.2,
					"x2": 0.8,
					"y2": 0.5,
					"z2": 0.8
				}
			}
		}
	],
	"texturesByType": {
		"deadmoose-male-*-dead": { "hide": { "base": "game:entity/animal/mammal/hooved/deer/{skin}-adult" } },
		"deadmoose-baby-*-dead": { "hide": { "base": "game:entity/animal/mammal/hooved/deer/{skin}-baby" } },
		"deadmoose-*-skinned": { "hide": { "base": "butchering:item/butchercreatures/animalredmeatbloody" } },
		"deadmoose-*-bledout": { "hide": { "base": "butchering:item/butchercreatures/animalredmeatbledout" } },
		"deadmoose-*-rotten": { "hide": { "base": "game:block/creature/rot/rot" } }
	},
	"attributesByType": {
		"deadmoose-male-moose-*": {
			"size": 0.5,
			"mass": 0.08,
			"bloodAmount": 400,
			"butcheringWorkLoad": "large",
			"handbookByType": {
				"*-rotten": {
					"exclude": false
				},
				"*": {
					"exclude": true
				}
			},
			"hangingShape": { "base": "butchering:creatures/game/moose/moose-adult-hanging" },
			"excludeRewards": [ "hide-raw-small" ],
			"butcheringRewards": [
				{
					"type": "item",
					"code": "butchering:primemeat-raw",
					"quantity": {
						"avg": 2,
						"var": 0.5
					}
				},
				{
					"type": "item",
					"code": "butchering:offal-bloody",
					"quantity": {
						"avg": 3,
						"var": 1
					}
				}
			],
			"skinningRewards": [
			]
		},
		"deadmoose-baby-moose-*": {
			"size": 0.5,
			"mass": 0,
			"bloodAmount": 20,
			"butcheringWorkLoad": "medium",
			"handbookByType": {
				"*-rotten": {
					"exclude": false
				},
				"*": {
					"exclude": true
				}
			},
			"hangingShape": { "base": "butchering:creatures/game/moose/moose-baby-hanging" },
			"excludeRewards": [ "hide-raw-large" ],
			"butcheringRewards": [
			],
			"skinningRewards": [
			]
		}
	},

	"shapeByType": {
		"deadmoose-male-*": { "base": "creatures/game/moose/moose-adult-dead" },
		"deadmoose-baby-*": { "base": "creatures/game/moose/moose-baby-dead" }

	},
	"storageFlagsbytype": {
		"deadmoose-baby-moose-*": 2049,
		"*-rotten": 1,
		"*": 2050
	},
	"transitionablePropsByType": {
		"*-rotten": [],
		"*": [
			{
				"type": "perish",
				"freshHours": {
					"avg": 80
				},
				"transitionHours": {
					"avg": 24
				},
				"transitionedStack": {
					"type": "item",
					"code": "butchering:deadmoose-{type}-{skin}-1-rotten"
				},
				"transitionRatio": 1
			}
		]
	},
	"creativeinventory": {
		"general": [ "*" ],
		"items": [ "*" ]
	},
	"heldTpIdleAnimation": "holdunderarm",
	"guiTransform": {
		"translation": {
			"x": 0,
			"y": 0,
			"z": 0
		},
		"rotation": {
			"x": -20,
			"y": 21,
			"z": 180
		},
		"origin": {
			"x": 0.53,
			"y": 0.35,
			"z": 0.5
		},
		"scale": 1,
		"rotate": true
	},
	"fpHandTransform": {
		"translation": {
			"x": 0,
			"y": 0,
			"z": 0
		},
		"rotation": {
			"x": -132,
			"y": -180,
			"z": -18
		}
	},
	"tpHandTransform": {
		"translation": {
			"x": -0.5,
			"y": -0.3,
			"z": -0.7
		},
		"rotation": {
			"x": -89,
			"y": -12,
			"z": 3
		},
		"scale": 0.86
	},
	"groundTransform": {
		"translation": {
			"x": 0,
			"y": 0,
			"z": 0
		},
		"rotation": {
			"x": 180,
			"y": 33,
			"z": -180
		},
		"origin": {
			"x": 0.5,
			"y": 0,
			"z": 0.5
		},
		"scale": 4.5
	}
}