﻿[
    // Spinosauridae
    {
        "side": "server",
        "file": "spinosauridae:entities/land/spinosauridae",
        "op": "add",
        "path": "/server/behaviors/-",
        "value": {
            "code": "EntityBleedingBehavior"
        }
    },
    {
        "side": "server",
        "file":  "spinosauridae:entities/land/spinosauridae",
        "op": "add",
        "path": "/client/behaviors/-",
        "value": {
            "code": "EntityBleedingBehaviorParticles"
        }
    }
]