﻿[
    // Abelisauridae
    {
        "side": "server",
        "file": "abelisauridae:entities/land/abelisauridae",
        "op": "add",
        "path": "/server/behaviors/-",
        "value": {
            "code": "EntityBleedingBehavior"
        }
    },
    {
        "side": "server",
        "file":  "abelisauridae:entities/land/abelisauridae",
        "op": "add",
        "path": "/client/behaviors/-",
        "value": {
            "code": "EntityBleedingBehaviorParticles"
        }
    }
]