{
    "code": "aa-clubhead",
    "creativeinventory": { "general": ["*"], "items": ["*"], "ancientarmorycrafting": ["*"] },
    "variantgroups": [
        { "code": "type", "states": ["flanged", "morningstar", "spiked", "warhammer"] },
        { "code": "metal", "states": ["tinbronze", "bismuthbronze", "blackbronze", "gold", "silver", "iron", "meteoriciron", "steel"] }
    ],
    "attributes": {
        "handbook": { "groupBy": ["aa-clubhead-{type}-*"] },
        "groundStorageTransformByType": {
            "*-warhammer-*": {
                "translation": { "x": -0.36, "y": 0.07, "z": 0.55 },
                "rotation": { "x": 0, "y": 25, "z": 0 },
                "origin": { "x": 0, "y": 0, "z": 0 },
                "scale": 0.7
            },
            "*-flanged-*": {
                "translation": { "x": 0.22, "y": 0.11, "z": 1.2 },
                "rotation": { "x": -90, "y": 5, "z": 50 },
                "origin": { "x": 0, "y": -0.39, "z": 0 },
                "scale": 0.7
            },
            "*": {
                "translation": { "x": 0.1, "y": 0.11, "z": 1.3 },
                "rotation": { "x": -90, "y": 0, "z": 45 },
                "origin": { "x": 0, "y": -0.39, "z": 0 },
                "scale": 0.7
            }
        },
        "onTongTransformByType": {
            "*-flanged-*": {
                "translation": { "x": -1.2, "y": -0.85, "z": -0.08 },
                "rotation": { "x": 90, "y": 95, "z": -25 },
                "scale": 0.75
            },
            "*-morningstar-*": {
                "translation": { "x": -1.4, "y": -0.57, "z": -0.02 },
                "rotation": { "x": 90, "y": 105, "z": -25 },
                "scale": 0.75
            },
            "*-spiked-*": {
                "translation": { "x": -1.05, "y": -1.4, "z": 0.08 },
                "rotation": { "x": 90, "y": 105, "z": -90 },
                "scale": 0.75
            },
            "*-warhammer-*": {
                "translation": { "x": -1.83, "y": -0.52, "z": -0.09 },
                "rotation": { "x": 35, "y": 19, "z": -97 },
                "scale": 0.8
            }
    }
    },
    "behaviors": [
        {
            "name": "GroundStorable",
            "properties": {
                "layout": "Quadrants",
                "selectionBox": { "x1": 0, "y1": 0, "z1": 0, "x2": 1, "y2": 0.1, "z2": 1 },
                "collisionBox": { "x1": 0, "y1": 0, "z1": 0, "x2": 0, "y2": 0, "z2": 0 }
            }
        }
    ],
    "shape": { "base": "shapes/crafting/{type}head" },
    "textures": {
        "blackbronze": { "base": "game:block/metal/ingot/{metal}" },
        "metal": { "base": "game:block/metal/ingot/{metal}" },
        "wood": { "base": "game:block/transparent" }
    },
    "heldTpUseAnimation": "interactstatic",
    "maxstacksize": 4,
    "guiTransformByType": {
        "*-morningstar-*": {
            "translation": { "x": -11, "y": 2, "z": 0 },
            "rotation": { "x": -66, "y": -128, "z": 164 },
            "origin": { "x": 1.15, "y": -0.19, "z": 0.7 },
            "scale": 2.75
        },
        "*-flanged-*": {
            "translation": { "x": 3, "y": -9, "z": 0 },
            "rotation": { "x": -74, "y": -126, "z": 140 },
            "origin": { "x": 1.15, "y": 0.11, "z": 0.6 },
            "scale": 2.39
        },
        "*-warhammer-*": {
            "translation": { "x": -5, "y": -4, "z": 0 },
            "rotation": { "x": -66, "y": -128, "z": 164 },
            "origin": { "x": 1.15, "y": 0.11, "z": 0.6 },
            "scale": 2.39
        },
        "*": {
            "translation": { "x": -7, "y": 0, "z": 0 },
            "rotation": { "x": -66, "y": -128, "z": 164 },
            "origin": { "x": 1.15, "y": 0.11, "z": 0.6 },
            "scale": 2.39
        }
    },
    "fpHandTransform": {
        "translation": { "x": -0.1, "y": 0, "z": 0.86 },
        "rotation": { "x": -82, "y": 180, "z": 96 },
        "origin": { "x": 0.5, "y": 0, "z": 0.5 },
        "scale": 2.45
    },
    "groundTransform": {
        "translation": { "x": 0, "y": 0.36, "z": 0 },
        "rotation": { "x": 0, "y": 0, "z": 0 },
        "origin": { "x": 0.5, "y": 0.45, "z": 0.5 },
        "scale": 3.4
    },
    "tpHandTransformByType": {
        "*-flanged-*": {
        "translation": { "x": -0.2, "y": -0.65, "z": -0.15 },
        "rotation": { "x": 90, "y": 1, "z": 0 },
        "scale": 0.75
        },
        "*-morningstar-*": {
        "translation": { "x": -0.2, "y": -0.65, "z": -0.15 },
        "rotation": { "x": 90, "y": 1, "z": 0 },
        "scale": 0.75
        },
        "*-spiked-*": {
        "translation": { "x": -0.1, "y": -0.65, "z": -0.15 },
        "rotation": { "x": 90, "y": 1, "z": 0 },
        "scale": 0.75
        },
        "*-warhammer-*": {
        "translation": { "x": 0, "y": -0.60, "z": -0.11 },
        "rotation": { "x": 90, "y": 1, "z": 0 },
        "scale": 0.8
        }
    }
}