[
  {
    "file": "ancientarmory:itemtypes/blades.json",
    "op": "remove",
    "path": "/heldTpHitAnimationByType",
    "side": "Server",
    "dependsOn": [
			{"modid": "ancientarmory"},  
			{"modid": "combatoverhaul"},
      {"modid": "armory",
       "invert": true
      }
		]
  },
  {
    "file": "ancientarmory:itemtypes/blades.json",
    "op": "remove",
    "path": "/heldTpIdleAnimationByType",
    "side": "Server",
    "dependsOn": [
			{"modid": "ancientarmory"},  
			{"modid": "combatoverhaul"},
      {"modid": "armory",
       "invert": true
      }
		]
  },
  {
    "file": "ancientarmory:itemtypes/blades.json",
    "op": "remove",
    "path": "/behaviors/1",
    "side": "Server",
    "dependsOn": [
			{"modid": "ancientarmory"},  
			{"modid": "combatoverhaul"},
      {"modid": "armory",
       "invert": true
      }
		]
  },
  {
    "file": "ancientarmory:itemtypes/blades.json",
    "op": "remove",
    "path": "/fpHandTransformByType",
    "side": "Server",
    "dependsOn": [
			{"modid": "ancientarmory"},  
			{"modid": "combatoverhaul"},
      {"modid": "armory",
       "invert": true
      }
		]
  },
  {
    "file": "ancientarmory:itemtypes/blades.json",
    "op": "remove",
    "path": "/attackRangeByType",
    "side": "Server",
    "dependsOn": [
			{"modid": "ancientarmory"},  
			{"modid": "combatoverhaul"},
      {"modid": "armory",
       "invert": true
      }
		]
  },
  {
    "file": "ancientarmory:itemtypes/blades.json",
    "op": "remove",
    "path": "/toolTierByType",
    "side": "Server",
    "dependsOn": [
			{"modid": "ancientarmory"},  
			{"modid": "combatoverhaul"},
      {"modid": "armory",
       "invert": true
      }
		]
  },
  {
    "file": "ancientarmory:itemtypes/blades.json",
    "op": "remove",
    "path": "/attackPowerByType",
    "side": "Server",
    "dependsOn": [
			{"modid": "ancientarmory"},  
			{"modid": "combatoverhaul"},
      {"modid": "armory",
       "invert": true
      }
		]
  },
  {
    "file": "ancientarmory:itemtypes/blades.json",
    "op": "replace",
    "path": "/tpHandTransformByType",
    "value": {     
        "*-claymore-*": {
          "translation": { "x": -0.72, "y": 0.13, "z": -0.81 },
          "rotation": { "x": 85, "y": 0, "z": 2 },
          "origin": { "x": 0.46, "y": -0.11, "z": 0.43 },
          "scale": 0.58
        },
        "*-arming-*": {
            "translation": { "x": -1.03, "y": 0.09, "z": -0.81 },
            "rotation": { "x": 85, "y": 3, "z": 2 },
            "origin": { "x": 0.43, "y": -0.1, "z": 0.39 },
            "scale": 0.52
        },
        "*-sabre-*": {
            "translation": { "x": -0.68, "y": 0.055, "z": -0.78 },
            "rotation": { "x": 85, "y": 3, "z": 2 },
            "origin": { "x": 0.315, "y": -0.05, "z": 0.37 },
            "scale": 0.50
        },
        "*": {
          "translation": { "x": -1.02, "y": 0.055, "z": -0.78 },
          "rotation": { "x": 85, "y": 3, "z": -3 },
          "origin": { "x": 0.5, "y": 0, "z": 0.5 },
          "scale": 0.63
        }
      },
    "side": "Server",
    "dependsOn": [
			{"modid": "ancientarmory"},  
			{"modid": "combatoverhaul"},
      {"modid": "armory",
       "invert": true
      }
		]
  },
  {
  	"file": "ancientarmory:itemtypes/blades.json",
  	"op": "add",
  	"path": "/class",
  	"value": "CombatOverhaul:MeleeWeapon",
  	"side": "Server",
    "dependsOn": [
			{"modid": "ancientarmory"},  
			{"modid": "combatoverhaul"},
      {"modid": "armory",
       "invert": true
      }
		]
  },
  {
    "file": "ancientarmory:itemtypes/blades.json",
    "op": "addmerge",
    "path": "/attributes",
    "value": {
      "ProficiencyStatByType": {
        "*-claymore-*": "twoHandedSwordsProficiency",
        "*": "oneHandedSwordsProficiency"
      },
      "RenderingOffset": false,
    "TwoHandedStanceByType": {
        "*-claymore-*": {
          "CanAttack": true,
          "CanParry": true,
          "CanBlock": true,
          "CanSprint": true,
          "Attack": {
            "StopOnTerrainHit": true,
            "StopOnEntityHit": true,
            "CollideWithTerrain": true,
            "MaxReach": 12,
            "DamageTypesByType": {
              "*-iron": [{"Damage": {"DamageType": "SlashingAttack", "Tier": 4, "Damage": 6.5}, "Knockback": 1, "DurabilityDamage": 1, "Collider": [0.5, 0, 0.5, 3.8, 0, 0.5]}],
              "*-meteoriciron": [{"Damage": {"DamageType": "SlashingAttack", "Tier": 5, "Damage": 6.5}, "Knockback": 1, "DurabilityDamage": 1, "Collider": [0.5, 0, 0.5, 3.8, 0, 0.5]}],
              "*-steel": [{"Damage": {"DamageType": "SlashingAttack", "Tier": 6, "Damage": 7}, "Knockback": 1, "DurabilityDamage": 1, "Collider": [0.5, 0, 0.5, 3.8, 0, 0.5]}]
            }
          },
          "AttackHitSound": "game:sounds/thud",
          "AttackDirectionsType": "Square",
          "AttackAnimationByType": {
            "*": {
              "Top": ["combatoverhaul:sword-great-slash-2h-top"],
              "Left": ["combatoverhaul:sword-great-slash-2h-left"],
              "Right": ["combatoverhaul:sword-great-slash-2h-right"],
              "Bottom": ["combatoverhaul:sword-long-thrust-2h"]
            }
          },
          "TpAttackAnimation": {"Top": "combatoverhaul-falx-slash", "Left": "combatoverhaul-falx-slash", "Right": "combatoverhaul-falx-slash", "Bottom": "combatoverhaul-falx-slash"},
          "SpeedPenalty": 0,
          "BlockSpeedPenalty": -0.05,
          "Parry": {
            "Zones": ["Head", "Face", "Neck", "Torso", "LeftArm", "RightArm", "LeftHand", "RightHand", "LeftLeg", "RightLeg", "LeftFoot", "RightFoot"],
            "Directions": [90, 90, 90, 90],
            "Sound": "game:sounds/held/shieldblock-metal-heavy",
            "BlockTier": {"BluntAttack": 9, "SlashingAttack": 9, "PiercingAttack": 9},
            "CanBlockProjectiles": false
          },
          "Block": {
            "Zones": ["Head", "Face", "Neck", "Torso", "LeftLeg", "RightLeg", "LeftFoot", "RightFoot"],
            "Directions": [60, 60, 60, 60],
            "Sound": "game:sounds/held/shieldblock-metal-light",
            "BlockTier": {"BluntAttack": 7, "SlashingAttack": 7, "PiercingAttack": 7},
            "CanBlockProjectiles": false
          },
          "BlockCooldownMs": 300,
          "BlockAnimation": "combatoverhaul:sword-great-block",
          "ReadyAnimation": "combatoverhaul:sword-long-ready",
          "IdleAnimation": "combatoverhaul:sword-great-idle-1h"
        }
    },
    "OneHandedStanceByType": {
        "*-claymore-*": {
        "CanAttack": true,
        "CanParry": true,
        "CanBlock": false,
        "CanSprint": true,
        "Attack": {
          "StopOnTerrainHit": false,
          "StopOnEntityHit": true,
          "CollideWithTerrain": true,
          "MaxReach": 8,
          "DamageTypesByType": {
            "*-iron": [{ "Damage": { "DamageType": "SlashingAttack", "Tier": 4, "Damage": 5 }, "Knockback": 1, "DurabilityDamage": 1, "Collider": [0.5, -0.05, 0.5, 3, -0.05, 0.5] }],
            "*-meteoriciron": [{ "Damage": { "DamageType": "SlashingAttack", "Tier": 5, "Damage": 5 }, "Knockback": 1, "DurabilityDamage": 1, "Collider": [0.5, -0.05, 0.5, 3, -0.05, 0.5] }],
            "*-steel": [{ "Damage": { "DamageType": "SlashingAttack", "Tier": 6, "Damage": 5.5 }, "Knockback": 1, "DurabilityDamage": 1, "Collider": [0.5, 0, 0.5, 3.1, 0, 0.5] }]
          }
        },
        "AttackHitSound": "game:sounds/thud",
        "AttackDirectionsType": "Square",
        "AttackAnimation": {
            "Top": ["combatoverhaul:sword-great-slash-2h-top"],
            "Left": ["combatoverhaul:sword-great-slash-2h-left"],
            "Right": ["combatoverhaul:sword-great-slash-2h-right"],
            "Bottom": ["combatoverhaul:sword-long-thrust-2h"]
        },
        "TpAttackAnimation": {
          "Top": "combatoverhaul-falx-slash",
          "Left": "combatoverhaul-falx-slash",
          "Right": "combatoverhaul-falx-slash",
          "Bottom": "combatoverhaul-falx-slash"
        },
        "SpeedPenalty": -0.05,
        "BlockSpeedPenalty": 0,
        "Parry": {
          "Zones": ["Head", "Face", "Neck", "Torso", "LeftArm", "RightArm", "LeftHand", "RightHand", "LeftLeg", "RightLeg", "LeftFoot", "RightFoot"],
          "Directions": [90, 90, 90, 90],
          "Sound": "game:sounds/held/shieldblock-metal-heavy",
          "BlockTier": {
            "BluntAttack": 8,
            "SlashingAttack": 8,
            "PiercingAttack": 8
          },
          "CanBlockProjectiles": false
        },
        "BlockCooldownMs": 600,
        "BlockAnimation": "combatoverhaul:sword-short-parry",
        "ReadyAnimation": "combatoverhaul:sword-long-ready",
        "IdleAnimation": "combatoverhaul:sword-great-idle-1h"
      },
      "*-gladius-*": {
        "CanAttack": true,
        "CanParry": true,
        "CanBlock": false,
        "CanSprint": true,
        "Attack": {
          "StopOnTerrainHit": false,
          "StopOnEntityHit": true,
          "CollideWithTerrain": true,
          "MaxReach": 7,
          "DamageTypesByType": {
            "*-*bronze": [{ "Damage": { "DamageType": "SlashingAttack", "Tier": 3, "Damage": 5 }, "Knockback": 1, "DurabilityDamage": 1, "Collider": [0.5, 0, 0.5, 2.8, 0, 0.5] }],
            "*-iron": [{ "Damage": { "DamageType": "SlashingAttack", "Tier": 4, "Damage": 5.5 }, "Knockback": 1, "DurabilityDamage": 1, "Collider": [0.5, -0.05, 0.5, 3, -0.05, 0.5] }],
            "*-meteoriciron": [{ "Damage": { "DamageType": "SlashingAttack", "Tier": 5, "Damage": 5.5 }, "Knockback": 1, "DurabilityDamage": 1, "Collider": [0.5, -0.05, 0.5, 3, -0.05, 0.5] }],
            "*-steel": [{ "Damage": { "DamageType": "SlashingAttack", "Tier": 6, "Damage": 6 }, "Knockback": 1, "DurabilityDamage": 1, "Collider": [0.5, 0, 0.5, 3.1, 0, 0.5] }]
          }
        },
        "AttackHitSound": "game:sounds/thud",
        "AttackDirectionsType": "Square",
        "AttackAnimation": {
            "Top": ["combatoverhaul:sword-long-slash-1h-top"],
            "Left": ["combatoverhaul:sword-long-slash-1h-left"],
            "Right": ["combatoverhaul:sword-long-slash-1h-right"],
            "Bottom": ["combatoverhaul:sword-long-thrust-1h-low-lefth"]
        },
        "TpAttackAnimation": {
          "Top": "combatoverhaul-falx-slash",
          "Left": "combatoverhaul-falx-slash",
          "Right": "combatoverhaul-falx-slash",
          "Bottom": "combatoverhaul-falx-slash"
        },
        "SpeedPenalty": 0,
        "BlockSpeedPenalty": 0,
        "Parry": {
          "Zones": ["Head", "Face", "Neck", "Torso", "LeftArm", "RightArm", "LeftHand", "RightHand", "LeftLeg", "RightLeg", "LeftFoot", "RightFoot"],
          "Directions": [90, 90, 90, 90],
          "Sound": "game:sounds/held/shieldblock-metal-heavy",
          "BlockTier": {
            "BluntAttack": 9,
            "SlashingAttack": 9,
            "PiercingAttack": 9
          },
          "CanBlockProjectiles": false
        },
        "BlockCooldownMs": 300,
        "BlockAnimation": "combatoverhaul:sword-short-parry",
        "ReadyAnimation": "combatoverhaul:sword-ready-idle",
        "IdleAnimation": "combatoverhaul:aa-sword-long-idle-1h"
      },
      "*-arming-*": {
        "CanAttack": true,
        "CanParry": true,
        "CanBlock": false,
        "CanSprint": true,
        "Attack": {
          "StopOnTerrainHit": false,
          "StopOnEntityHit": true,
          "CollideWithTerrain": true,
          "MaxReach": 8,
          "DamageTypesByType": {
            "*-*bronze": [{ "Damage": { "DamageType": "SlashingAttack", "Tier": 3, "Damage": 5 }, "Knockback": 1, "DurabilityDamage": 1, "Collider": [0.5, 0, 0.5, 2.8, 0, 0.5] }],
            "*-iron": [{ "Damage": { "DamageType": "SlashingAttack", "Tier": 4, "Damage": 5.5 }, "Knockback": 1, "DurabilityDamage": 1, "Collider": [0.5, -0.05, 0.5, 3, -0.05, 0.5] }],
            "*-meteoriciron": [{ "Damage": { "DamageType": "SlashingAttack", "Tier": 5, "Damage": 5.5 }, "Knockback": 1, "DurabilityDamage": 1, "Collider": [0.5, -0.05, 0.5, 3, -0.05, 0.5] }],
            "*-steel": [{ "Damage": { "DamageType": "SlashingAttack", "Tier": 6, "Damage": 6 }, "Knockback": 1, "DurabilityDamage": 1, "Collider": [0.5, 0, 0.5, 3.1, 0, 0.5] }]
          }
        },
        "AttackHitSound": "game:sounds/thud",
        "AttackDirectionsType": "Square",
        "AttackAnimation": {
            "Top": ["combatoverhaul:sword-long-slash-1h-top"],
            "Left": ["combatoverhaul:sword-long-slash-1h-left"],
            "Right": ["combatoverhaul:sword-long-slash-1h-right"],
            "Bottom": ["combatoverhaul:sword-long-thrust-1h-low-lefth"]
        },
        "TpAttackAnimation": {
          "Top": "combatoverhaul-falx-slash",
          "Left": "combatoverhaul-falx-slash",
          "Right": "combatoverhaul-falx-slash",
          "Bottom": "combatoverhaul-falx-slash"
        },
        "SpeedPenalty": 0,
        "BlockSpeedPenalty": 0,
        "Parry": {
          "Zones": ["Head", "Face", "Neck", "Torso", "LeftArm", "RightArm", "LeftHand", "RightHand", "LeftLeg", "RightLeg", "LeftFoot", "RightFoot"],
          "Directions": [90, 90, 90, 90],
          "Sound": "game:sounds/held/shieldblock-metal-heavy",
          "BlockTier": {
            "BluntAttack": 9,
            "SlashingAttack": 9,
            "PiercingAttack": 9
          },
          "CanBlockProjectiles": false
        },
        "BlockCooldownMs": 300,
        "BlockAnimation": "combatoverhaul:sword-short-parry",
        "ReadyAnimation": "combatoverhaul:sword-ready-idle",
        "IdleAnimation": "combatoverhaul:aa-sword-long-idle-1h"
      },
        "*-sabre-*": {
        "CanAttack": true,
        "CanParry": true,
        "CanBlock": false,
        "CanSprint": true,
        "Attack": {
          "StopOnTerrainHit": true,
          "StopOnEntityHit": true,
          "CollideWithTerrain": true,
          "MaxReach": 8,
          "DamageTypesByType": {
            "*-*bronze": [{ "Damage": { "DamageType": "SlashingAttack", "Tier": 3, "Damage": 5 }, "Knockback": 1, "DurabilityDamage": 1, "Collider": [0.5, 0, 0.5, 2.8, 0, 0.5] }],
            "*-iron": [{ "Damage": { "DamageType": "SlashingAttack", "Tier": 4, "Damage": 5.5 }, "Knockback": 1, "DurabilityDamage": 1, "Collider": [0.5, -0.05, 0.5, 3, -0.05, 0.5] }],
            "*-meteoriciron": [{ "Damage": { "DamageType": "SlashingAttack", "Tier": 5, "Damage": 5.5 }, "Knockback": 1, "DurabilityDamage": 1, "Collider": [0.5, -0.05, 0.5, 3, -0.05, 0.5] }],
            "*-steel": [{ "Damage": { "DamageType": "SlashingAttack", "Tier": 6, "Damage": 6 }, "Knockback": 1, "DurabilityDamage": 1, "Collider": [0.5, 0, 0.5, 3.1, 0, 0.5] }]
          }
        },
        "AttackHitSound": "game:sounds/thud",
        "AttackDirectionsType": "Square",
        "AttackAnimation": {
            "Top": ["combatoverhaul:sword-long-slash-1h-top"],
            "Left": ["combatoverhaul:sword-long-slash-1h-left"],
            "Right": ["combatoverhaul:sword-long-slash-1h-right"],
            "Bottom": ["combatoverhaul:sword-long-thrust-1h-low-lefth"]
        },
        "TpAttackAnimation": {
          "Top": "combatoverhaul-falx-slash",
          "Left": "combatoverhaul-falx-slash",
          "Right": "combatoverhaul-falx-slash",
          "Bottom": "combatoverhaul-falx-slash"
        },
        "SpeedPenalty": 0,
        "BlockSpeedPenalty": 0,
        "Parry": {
          "Zones": ["Head", "Face", "Neck", "Torso", "LeftArm", "RightArm", "LeftHand", "RightHand", "LeftLeg", "RightLeg", "LeftFoot", "RightFoot"],
          "Directions": [90, 90, 90, 90],
          "Sound": "game:sounds/held/shieldblock-metal-heavy",
          "BlockTier": {
            "BluntAttack": 9,
            "SlashingAttack": 9,
            "PiercingAttack": 9
          },
          "CanBlockProjectiles": false
        },
        "BlockCooldownMs": 300,
        "BlockAnimation": "combatoverhaul:sword-short-parry",
        "ReadyAnimation": "combatoverhaul:sword-ready-idle",
        "IdleAnimation": "combatoverhaul:aa-sword-long-idle-1h"
      }
    }
    },
    "side": "Server",
    "dependsOn": [
			{"modid": "ancientarmory"},  
			{"modid": "combatoverhaul"},
      {"modid": "armory",
       "invert": true
      }
		]
  }
]