[
  {
    "file": "ancientarmory:itemtypes/extraswords.json",
    "op": "remove",
    "path": "/heldTpHitAnimationByType",
    "side": "Server",
    "dependsOn": [
			{"modid": "ancientarmory"},  
			{"modid": "combatoverhaul"},
      {"modid": "armory"}
		]
  },
  {
    "file": "ancientarmory:itemtypes/extraswords.json",
    "op": "remove",
    "path": "/heldTpIdleAnimationByType",
    "side": "Server",
    "dependsOn": [
			{"modid": "ancientarmory"},  
			{"modid": "combatoverhaul"},
      {"modid": "armory"}
		]
  },
  {
    "file": "ancientarmory:itemtypes/extraswords.json",
    "op": "remove",
    "path": "/behaviors/1",
    "side": "Server",
    "dependsOn": [
			{"modid": "ancientarmory"},  
			{"modid": "combatoverhaul"},
      {"modid": "armory"}
		]
  },
  {
    "file": "ancientarmory:itemtypes/extraswords.json",
    "op": "remove",
    "path": "/fpHandTransformByType",
    "side": "Server",
    "dependsOn": [
			{"modid": "ancientarmory"},  
			{"modid": "combatoverhaul"},
      {"modid": "armory"}
		]
  },
  {
    "file": "ancientarmory:itemtypes/extraswords.json",
    "op": "remove",
    "path": "/attackRangeByType",
    "side": "Server",
    "dependsOn": [
			{"modid": "ancientarmory"},  
			{"modid": "combatoverhaul"},
      {"modid": "armory"}
		]
  },
  {
    "file": "ancientarmory:itemtypes/extraswords.json",
    "op": "remove",
    "path": "/toolTierByType",
    "side": "Server",
    "dependsOn": [
			{"modid": "ancientarmory"},  
			{"modid": "combatoverhaul"},
      {"modid": "armory"}
		]
  },
  {
    "file": "ancientarmory:itemtypes/extraswords.json",
    "op": "remove",
    "path": "/attackPowerByType",
    "side": "Server",
    "dependsOn": [
			{"modid": "ancientarmory"},  
			{"modid": "combatoverhaul"},
      {"modid": "armory"}
		]
  },
  {
    "file": "ancientarmory:itemtypes/extraswords.json",
    "op": "replace",
    "path": "/tpHandTransformByType",
    "value": {     
        "*-longsword-*": {
            "translation": { "x": -0.72, "y": 0.15, "z": -0.85 },
            "rotation": { "x": 85, "y": 0, "z": 2 },
            "origin": { "x": 0.46, "y": -0.11, "z": 0.43 },
            "scale": 0.57
        },
        "*-falchion-*": {
            "translation": { "x": -0.72, "y": 0.15, "z": -0.85 },
            "rotation": { "x": 85, "y": 0, "z": 2 },
            "origin": { "x": 0.46, "y": -0.11, "z": 0.43 },
            "scale": 0.57
        }
      },
    "side": "Server",
    "dependsOn": [
			{"modid": "ancientarmory"},  
			{"modid": "combatoverhaul"},
      {"modid": "armory"}
		]
  },
  {
  	"file": "ancientarmory:itemtypes/extraswords.json",
  	"op": "add",
  	"path": "/class",
  	"value": "CombatOverhaul:MeleeWeapon",
  	"side": "Server",
    "dependsOn": [
			{"modid": "ancientarmory"},  
			{"modid": "combatoverhaul"},
      {"modid": "armory"}
		]
  },
  {
    "file": "ancientarmory:itemtypes/extraswords.json",
    "op": "addmerge",
    "path": "/attributes",
    "value": {
      "ProficiencyStatByType": {
        "*-longsword-*": "twoHandedSwordsProficiency",
        "*-falchion-*": "oneHandedSwordsProficiency"
      },
      "RenderingOffset": false,
      "OneHandedStanceByType": {
        "*": {
            "CanAttack": true,
            "CanParry": false,
            "CanBlock": false,
            "CanSprint": true,
            "Attack": {
              "StopOnTerrainHit": true,
              "StopOnEntityHit": true,
              "CollideWithTerrain": true,
              "MaxReach": 9,
              "DamageTypesByType": {
                "*-*bronze": [{ "Damage": { "DamageType": "SlashingAttack", "Tier": 3, "Damage": 4 }, "Knockback": 0, "DurabilityDamage": 1, "Collider": [0.5, 0, 0.5, 2.8, 0, 0.5] }],
                "*-iron": [{ "Damage": { "DamageType": "SlashingAttack", "Tier": 4, "Damage": 4.5 }, "Knockback": 0, "DurabilityDamage": 1, "Collider": [0.5, -0.05, 0.5, 3, -0.05, 0.5] }],
                "*-meteoriciron": [{ "Damage": { "DamageType": "SlashingAttack", "Tier": 5, "Damage": 4.5 }, "Knockback": 0, "DurabilityDamage": 1, "Collider": [0.5, -0.05, 0.5, 3, -0.05, 0.5] }],
                "*-steel": [{ "Damage": { "DamageType": "SlashingAttack", "Tier": 6, "Damage": 5 }, "Knockback": 0, "DurabilityDamage": 1, "Collider": [0.5, 0, 0.5, 3.1, 0, 0.5] }]
              }
            },
            "AttackHitSound": "game:sounds/thud",
            "AttackAnimationByType": {
              "*-longsword-*iron": { "Main": ["armory:sword-long-slash-1h-1", "armory:sword-long-slash-1h-2","armory:sword-long-thrust-1h-1"] },
              "*-longsword-steel": { "Main": ["armory:sword-long-slash-1h-1", "armory:sword-long-slash-1h-2","armory:sword-long-thrust-1h-1"] },
              "*-falchion-*iron": { "Main": ["armory:sword-long-slash-1h-1", "armory:sword-long-slash-1h-2","armory:sword-long-thrust-1h-1"] },
              "*-falchion-steel": { "Main": ["armory:sword-long-slash-1h-1", "armory:sword-long-slash-1h-2","armory:sword-long-thrust-1h-1"] }
            },
            "TpAttackAnimation": { "Main": "combatoverhaul-falx-slash" },
            "SpeedPenalty": 0,
            "ReadyAnimation": "armory:sword-long-ready-1h",
            "IdleAnimation": "armory:sword-long-idle-1h",
            "AttackTpAnimation": "falx"
      }
      },
      "TwoHandedStanceByType": {
        "*" : {
        "CanAttack": true,
        "CanParry": true,
        "CanBlock": false,
        "CanSprint": true,
        "Attack": {
          "StopOnTerrainHit": true,
          "StopOnEntityHit": true,
          "CollideWithTerrain": true,
          "MaxReach": 9,
          "DamageTypesByType": {
            "*-*bronze": [{ "Damage": { "DamageType": "SlashingAttack", "Tier": 3, "Damage": 5 }, "Knockback": 1, "DurabilityDamage": 1, "Collider": [0.5, 0, 0.5, 2.8, 0, 0.5] }],
            "*-iron": [{ "Damage": { "DamageType": "SlashingAttack", "Tier": 4, "Damage": 5.5 }, "Knockback": 1, "DurabilityDamage": 1, "Collider": [0.5, -0.05, 0.5, 3, -0.05, 0.5] }],
            "*-meteoriciron": [{ "Damage": { "DamageType": "SlashingAttack", "Tier": 5, "Damage": 5.5 }, "Knockback": 1, "DurabilityDamage": 1, "Collider": [0.5, -0.05, 0.5, 3, -0.05, 0.5] }],
            "*-steel": [{ "Damage": { "DamageType": "SlashingAttack", "Tier": 6, "Damage": 6 }, "Knockback": 1, "DurabilityDamage": 1, "Collider": [0.5, 0, 0.5, 3.1, 0, 0.5] }]
          }
        },
        "AttackHitSound": "game:sounds/thud",
        "AttackDirectionsType": "Square",
        "AttackAnimationByType": {
          "*-*bronze": {
            "Top": ["armory:sword-long-slash-2h-top"],
            "Left": ["armory:sword-long-slash-2h-left"],
            "Right": ["armory:sword-long-slash-2h-right"],
            "Bottom": ["armory:sword-long-thrust-2h-bottom"]
          },
          "*-*iron": {
            "Top": ["armory:sword-long-slash-2h-top"],
            "Left": ["armory:sword-long-slash-2h-left"],
            "Right": ["armory:sword-long-slash-2h-right"],
            "Bottom": ["armory:sword-long-thrust-2h-bottom"]
          },
          "*-steel": {
            "Top": ["armory:sword-long-slash-2h-top"],
            "Left": ["armory:sword-long-slash-2h-left"],
            "Right": ["armory:sword-long-slash-2h-right"],
            "Bottom": ["armory:sword-long-thrust-2h-bottom"]
          }
        },
        "TpAttackAnimation": {
          "Top": "combatoverhaul-falx-slash",
          "Left": "combatoverhaul-falx-slash",
          "Right": "combatoverhaul-falx-slash",
          "Bottom": "combatoverhaul-falx-slash"
        },
        "SpeedPenalty": 0,
        "BlockSpeedPenalty": 0,
        "Parry": {
          "Zones": ["Head", "Face", "Neck", "Torso", "LeftArm", "RightArm", "LeftHand", "RightHand", "LeftLeg", "RightLeg", "LeftFoot", "RightFoot"],
          "Directions": [90, 90, 90, 90],
          "Sound": "game:sounds/held/shieldblock-metal-heavy",
          "BlockTier": {
            "BluntAttack": 9,
            "SlashingAttack": 9,
            "PiercingAttack": 9
          },
          "CanBlockProjectiles": false
        },
        "BlockCooldownMs": 300,
        "BlockAnimation": "armory:sword-long-parry-2h",
        "ReadyAnimation": "armory:sword-long-ready-2h",
        "IdleAnimation": "armory:sword-long-idle-2h",
        "AttackTpAnimation": "falx"
        }
      }
    },
    "side": "Server",
    "dependsOn": [
			{"modid": "ancientarmory"},  
			{"modid": "combatoverhaul"},
      {"modid": "armory"}
		]
  }
]