[
    {
        "ingredient": {
            "type": "item",
            "code": "game:ingot-*",
            "name": "metal",
            "allowedVariants": [
                "meteoriciron",
                "iron",
                "steel"
            ]
        },
        "pattern": [
            [

                "___#####________",
                "################",
                "___#####________",
                "________________",
                "___##_#####_____",
                "___##___________",
                "________________"
            ]
        ],
        "name": "Blade",
        "output": {
            "type": "item",
            "code": "aa-bladehead-longsword-{metal}"
        }
    },
    {
        "ingredient": {
            "type": "item",
            "code": "game:ingot-*",
            "name": "metal",
            "allowedVariants": [
                "meteoriciron",
                "iron",
                "steel"
            ]
        },
        "pattern": [
            [

                "___#####________",
                "################",
                "___#####________",
                "___#____________",
                "_#_#####________",
                "_______#________"
            ]
        ],
        "name": "Blade",
        "output": {
            "type": "item",
            "code": "aa-bladehead-falchion-{metal}"
        }
    }
]