[
  {
    "op": "replace",
    "path": "/0/output/quantity",
    "value": 30,
    "file": "ancientarmory:recipes/grid/firewood.json",
    "side": "Server",
    "dependsOn": [
			{ "modid": "rtrullywoods" }
		]
  },
  {
    "op": "replace",
    "path": "/1/output/quantity",
    "value": 30,
    "file": "ancientarmory:recipes/grid/firewood.json",
    "side": "Server",
    "dependsOn": [
			{ "modid": "rtrullywoods" }
		]
  },
  {
    "op": "replace",
    "path": "/2/output/quantity",
    "value": 26,
    "file": "ancientarmory:recipes/grid/firewood.json",
    "side": "Server",
    "dependsOn": [
			{ "modid": "rtrullywoods" }
		]
  }
]