{
	"editor": {
		"collapsedPaths": "",
		"allAngles": false,
		"entityTextureMode": false
	},
	"textureWidth": 16,
	"textureHeight": 16,
	"textureSizes": {
		"blackbronze": [16,16],
		"metal": [16,16],
		"wood": [16,16],
		"handle": [16,16]
	},
	"textures": {
		"blackbronze": "game:block/metal/ingot/bismuthbronze",
		"handle": "game:block/wood/debarked/aged"
	},
	"elements": [
		{
			"name": "origin",
			"from": [ 8.0, 0.0, 8.0 ],
			"to": [ 8.0, 0.0, 8.0 ],
			"rotationOrigin": [ 8.0, 0.0, 8.0 ],
			"faces": {
			},
			"children": [
				{
					"name": "handle1",
					"from": [ -4.0, -0.7, -0.75 ],
					"to": [ 0.0, 0.8, 0.75 ],
					"faces": {
						"north": { "texture": "#handle", "uv": [ 6.5, 6.0, 10.5, 7.5 ] },
						"south": { "texture": "#handle", "uv": [ 2.0, 14.0, 6.0, 15.5 ] },
						"west": { "texture": "#handle", "uv": [ 10.5, 3.5, 12.0, 5.0 ], "windMode": [-1,-1,-1,-1] },
						"up": { "texture": "#handle", "uv": [ 3.5, 6.5, 7.5, 8.0 ] },
						"down": { "texture": "#handle", "uv": [ 10.5, 9.5, 14.5, 11.0 ] }
					},
					"children": [
						{
							"name": "handle2",
							"from": [ -3.8, 0.01, 0.0 ],
							"to": [ 0.2, 1.51, 1.5 ],
							"rotationOrigin": [ 0.2, 0.75, 0.75 ],
							"rotationY": -15.0,
							"faces": {
								"north": { "texture": "#handle", "uv": [ 0.0, 13.0, 4.0, 14.5 ] },
								"south": { "texture": "#handle", "uv": [ 7.5, 7.0, 11.5, 8.5 ] },
								"west": { "texture": "#handle", "uv": [ 11.5, 6.0, 13.0, 7.5 ] },
								"up": { "texture": "#handle", "uv": [ 8.0, 8.5, 12.0, 10.0 ] },
								"down": { "texture": "#handle", "uv": [ 3.0, 9.5, 7.0, 11.0 ] }
							},
							"children": [
								{
									"name": "pommel",
									"from": [ -1.8, -0.2, -0.2 ],
									"to": [ 0.2, 1.7, 1.7 ],
									"rotationOrigin": [ 0.2, 0.75, 0.75 ],
									"rotationY": -10.0,
									"faces": {
										"north": { "texture": "#blackbronze", "uv": [ 2.5, 2.0, 4.5, 3.5 ] },
										"east": { "texture": "#blackbronze", "uv": [ 14.0, 0.5, 15.5, 2.0 ] },
										"south": { "texture": "#blackbronze", "uv": [ 13.5, 1.0, 15.5, 2.5 ] },
										"west": { "texture": "#blackbronze", "uv": [ 9.5, 11.5, 11.0, 13.0 ] },
										"up": { "texture": "#blackbronze", "uv": [ 1.5, 2.0, 3.5, 3.5 ] },
										"down": { "texture": "#blackbronze", "uv": [ 7.5, 9.0, 9.5, 10.5 ] }
									},
									"children": [
										{
											"name": "pommelcap",
											"from": [ -0.5, 0.5, 0.5 ],
											"to": [ 0.0, 1.5, 1.5 ],
											"rotationOrigin": [ 0.0, 1.0, 1.0 ],
											"rotationX": -45.0,
											"faces": {
												"north": { "texture": "#blackbronze", "uv": [ 11.0, 9.0, 11.5, 10.0 ] },
												"south": { "texture": "#blackbronze", "uv": [ 7.5, 5.5, 8.0, 6.5 ] },
												"west": { "texture": "#blackbronze", "uv": [ 0.0, 13.5, 1.0, 14.5 ] },
												"up": { "texture": "#blackbronze", "uv": [ 13.5, 10.0, 14.0, 11.0 ] },
												"down": { "texture": "#blackbronze", "uv": [ 4.5, 13.5, 5.0, 14.5 ] }
											}
										}
									]
								}
							]
						},
						{
							"name": "hilt1",
							"from": [ 3.8, -0.2, -1.5 ],
							"to": [ 4.8, 1.7, 3.0 ],
							"rotationOrigin": [ 3.8, 0.75, 0.75 ],
							"rotationY": 5.0,
							"faces": {
								"north": { "texture": "#blackbronze", "uv": [ 7.5, 9.0, 8.5, 10.5 ] },
								"east": { "texture": "#blackbronze", "uv": [ 3.0, 10.5, 7.5, 12.0 ] },
								"south": { "texture": "#blackbronze", "uv": [ 11.0, 1.0, 12.0, 2.5 ] },
								"west": { "texture": "#blackbronze", "uv": [ 9.0, 0.5, 13.5, 2.0 ] },
								"up": { "texture": "#blackbronze", "uv": [ 3.0, 9.0, 4.0, 13.5 ] },
								"down": { "texture": "#blackbronze", "uv": [ 11.5, 2.5, 12.5, 7.0 ] }
							},
							"children": [
								{
									"name": "hilt2N",
									"from": [ 0.0, 0.2, -2.0 ],
									"to": [ 1.0, 1.7, 0.0 ],
									"rotationOrigin": [ 1.0, 1.0, 0.0 ],
									"rotationY": 30.0,
									"faces": {
										"north": { "texture": "#blackbronze", "uv": [ 9.0, 9.5, 10.0, 11.0 ] },
										"east": { "texture": "#blackbronze", "uv": [ 9.5, 3.0, 11.5, 4.5 ] },
										"west": { "texture": "#blackbronze", "uv": [ 13.0, 13.0, 15.0, 14.5 ] },
										"up": { "texture": "#blackbronze", "uv": [ 8.0, 10.0, 9.0, 12.0 ] },
										"down": { "texture": "#blackbronze", "uv": [ 3.0, 0.5, 4.0, 2.5 ] }
									},
									"children": [
										{
											"name": "hilt3N",
											"from": [ 0.0, 0.01, -2.0 ],
											"to": [ 1.0, 1.51, 0.0 ],
											"rotationOrigin": [ 1.0, 0.75, 0.0 ],
											"rotationY": 22.5,
											"faces": {
												"north": { "texture": "#blackbronze", "uv": [ 0.5, 9.0, 1.5, 10.5 ] },
												"east": { "texture": "#blackbronze", "uv": [ 3.0, 11.0, 5.0, 12.5 ], "windMode": [-1,-1,-1,-1] },
												"west": { "texture": "#blackbronze", "uv": [ 3.5, 1.0, 5.5, 2.5 ] },
												"up": { "texture": "#blackbronze", "uv": [ 6.5, 1.0, 7.5, 3.0 ] },
												"down": { "texture": "#blackbronze", "uv": [ 4.0, 4.5, 5.0, 6.5 ] }
											},
											"children": [
												{
													"name": "hilt4N",
													"from": [ 0.0, -0.01, -2.0 ],
													"to": [ 1.0, 1.49, 0.0 ],
													"rotationOrigin": [ 1.0, 0.75, 0.0 ],
													"rotationY": 30.0,
													"faces": {
														"north": { "texture": "#blackbronze", "uv": [ 14.5, 0.5, 15.5, 2.0 ] },
														"east": { "texture": "#blackbronze", "uv": [ 1.0, 2.0, 3.0, 3.5 ] },
														"west": { "texture": "#blackbronze", "uv": [ 8.5, 1.5, 10.5, 3.0 ] },
														"up": { "texture": "#blackbronze", "uv": [ 3.0, 12.0, 4.0, 14.0 ] },
														"down": { "texture": "#blackbronze", "uv": [ 10.0, 12.5, 11.0, 14.5 ] }
													}
												}
											]
										}
									]
								},
								{
									"name": "hilt2S",
									"from": [ 0.0, 0.21, 4.5 ],
									"to": [ 1.0, 1.71, 6.0 ],
									"rotationOrigin": [ 0.0, 0.95, 4.5 ],
									"rotationY": 30.0,
									"faces": {
										"east": { "texture": "#blackbronze", "uv": [ 4.5, 12.0, 6.0, 13.5 ] },
										"south": { "texture": "#blackbronze", "uv": [ 11.5, 7.5, 12.5, 9.0 ] },
										"west": { "texture": "#blackbronze", "uv": [ 12.0, 1.0, 13.5, 2.5 ] },
										"up": { "texture": "#blackbronze", "uv": [ 0.5, 1.5, 1.5, 3.0 ] },
										"down": { "texture": "#blackbronze", "uv": [ 10.0, 12.0, 11.0, 13.5 ] }
									},
									"children": [
										{
											"name": "hilt3S",
											"from": [ 0.0, -0.01, 1.5 ],
											"to": [ 1.0, 1.49, 3.5 ],
											"rotationOrigin": [ 0.0, 0.8, 1.5 ],
											"rotationY": 30.0,
											"faces": {
												"east": { "texture": "#blackbronze", "uv": [ 8.5, 4.5, 10.5, 6.0 ] },
												"south": { "texture": "#blackbronze", "uv": [ 3.5, 2.5, 4.5, 4.0 ] },
												"west": { "texture": "#blackbronze", "uv": [ 5.5, 8.5, 7.5, 10.0 ] },
												"up": { "texture": "#blackbronze", "uv": [ 7.0, 10.0, 8.0, 12.0 ] },
												"down": { "texture": "#blackbronze", "uv": [ 13.0, 9.0, 14.0, 11.0 ] }
											},
											"children": [
												{
													"name": "hill4S",
													"from": [ 0.0, 0.01, 2.0 ],
													"to": [ 1.0, 1.51, 3.5 ],
													"rotationOrigin": [ 0.0, 0.7, 2.0 ],
													"rotationY": 22.5,
													"faces": {
														"east": { "texture": "#blackbronze", "uv": [ 0.0, 13.5, 1.5, 15.0 ] },
														"south": { "texture": "#blackbronze", "uv": [ 9.5, 2.0, 10.5, 3.5 ] },
														"west": { "texture": "#blackbronze", "uv": [ 4.0, 4.5, 5.5, 6.0 ] },
														"up": { "texture": "#blackbronze", "uv": [ 8.5, 12.5, 9.5, 14.0 ] },
														"down": { "texture": "#blackbronze", "uv": [ 14.0, 11.0, 15.0, 12.5 ] }
													}
												}
											]
										}
									]
								},
								{
									"name": "blademiddle1",
									"from": [ 0.9, 0.69, 2.0 ],
									"to": [ 11.9, 1.23, 3.5 ],
									"rotationOrigin": [ 0.9, 0.95, 2.5 ],
									"rotationY": -3.0,
									"faces": {
										"north": { "texture": "#blackbronze", "uv": [ 0.0, 6.5, 11.0, 7.0 ] },
										"east": { "texture": "#blackbronze", "uv": [ 8.5, 0.5, 10.0, 1.0 ] },
										"south": { "texture": "#blackbronze", "uv": [ 0.0, 8.5, 11.0, 9.0 ] },
										"up": { "texture": "#blackbronze", "uv": [ 0.0, 4.5, 11.0, 6.0 ] },
										"down": { "texture": "#blackbronze", "uv": [ 0.0, 8.0, 11.0, 9.5 ] }
									}
								},
								{
									"name": "blademiddle3",
									"from": [ 19.844, 0.74, 3.7732 ],
									"to": [ 29.044, 1.18, 5.1732 ],
									"rotationOrigin": [ 20.844, 0.71, 3.6732 ],
									"rotationY": -13.0,
									"faces": {
										"north": { "texture": "#blackbronze", "uv": [ 1.0, 5.5, 10.0, 6.0 ] },
										"east": { "texture": "#blackbronze", "uv": [ 5.5, 8.0, 6.5, 8.5 ] },
										"south": { "texture": "#blackbronze", "uv": [ 3.5, 6.5, 12.5, 7.0 ] },
										"up": { "texture": "#blackbronze", "uv": [ 0.5, 11.5, 9.5, 12.5 ] },
										"down": { "texture": "#blackbronze", "uv": [ 6.0, 9.0, 15.0, 10.0 ] }
									}
								},
								{
									"name": "blademiddle4",
									"from": [ 30.0251, 0.8, 4.7311 ],
									"to": [ 31.3951, 1.12, 7.2311 ],
									"rotationOrigin": [ 30.429, 1.0, 7.2499 ],
									"rotationX": 0.0,
									"rotationY": 71.0001,
									"rotationZ": 0.0,
									"faces": {
										"north": { "texture": "#blackbronze", "uv": [ 9.0, 14.0, 10.0, 14.5 ] },
										"east": { "texture": "#blackbronze", "uv": [ 2.0, 10.0, 4.5, 10.5 ] },
										"south": { "texture": "#blackbronze", "uv": [ 14.5, 11.0, 15.5, 11.5 ] },
										"west": { "texture": "#blackbronze", "uv": [ 6.5, 11.0, 9.0, 11.5 ] },
										"up": { "texture": "#blackbronze", "uv": [ 6.5, 1.0, 7.5, 3.5 ] },
										"down": { "texture": "#blackbronze", "uv": [ 14.5, 3.5, 15.5, 6.0 ] }
									}
								},
								{
									"name": "blademiddle5",
									"from": [ 31.9482, 0.84, 4.3559 ],
									"to": [ 33.1382, 1.08, 5.5459 ],
									"rotationOrigin": [ 33.3522, 1.0, 7.9247 ],
									"rotationX": 0.0,
									"rotationY": 57.0,
									"rotationZ": 1.0E-4,
									"faces": {
										"north": { "texture": "#blackbronze", "uv": [ 9.0, 14.0, 10.0, 14.5 ] },
										"east": { "texture": "#blackbronze", "uv": [ 2.0, 10.0, 3.0, 10.5 ] },
										"south": { "texture": "#blackbronze", "uv": [ 14.5, 11.0, 15.5, 11.5 ] },
										"west": { "texture": "#blackbronze", "uv": [ 6.5, 11.0, 7.5, 11.5 ] },
										"up": { "texture": "#blackbronze", "uv": [ 6.5, 1.0, 7.5, 2.0 ] },
										"down": { "texture": "#blackbronze", "uv": [ 14.5, 3.5, 15.5, 4.5 ] }
									}
								},
								{
									"name": "blademiddle6",
									"from": [ 20.064, 0.73, 3.7632 ],
									"to": [ 21.364, 1.19, 4.7632 ],
									"rotationOrigin": [ 20.844, 0.71, 3.6732 ],
									"rotationY": -13.0,
									"faces": {
										"north": { "texture": "#blackbronze", "uv": [ 1.0, 5.5, 2.0, 6.0 ] },
										"east": { "texture": "#blackbronze", "uv": [ 5.5, 8.0, 6.5, 8.5 ] },
										"south": { "texture": "#blackbronze", "uv": [ 3.5, 6.5, 4.5, 7.0 ] },
										"up": { "texture": "#blackbronze", "uv": [ 0.5, 11.5, 1.5, 12.5 ] },
										"down": { "texture": "#blackbronze", "uv": [ 6.0, 9.0, 7.0, 10.0 ] }
									}
								},
								{
									"name": "blademiddle2",
									"from": [ 11.9111, 0.72, 2.5764 ],
									"to": [ 20.9111, 1.2, 4.0764 ],
									"rotationOrigin": [ 11.9111, 0.95, 2.5764 ],
									"rotationY": -7.0,
									"faces": {
										"north": { "texture": "#blackbronze", "uv": [ 0.0, 3.5, 9.0, 4.0 ] },
										"east": { "texture": "#blackbronze", "uv": [ 13.0, 3.0, 14.5, 3.5 ] },
										"south": { "texture": "#blackbronze", "uv": [ 0.0, 5.5, 9.0, 6.0 ] },
										"up": { "texture": "#blackbronze", "uv": [ 0.0, 7.5, 9.0, 9.0 ] },
										"down": { "texture": "#blackbronze", "uv": [ 0.0, 14.0, 9.0, 15.5 ] }
									}
								},
								{
									"name": "blade1",
									"from": [ 0.9785, 0.85, 1.0021 ],
									"to": [ 6.9785, 1.05, 2.0021 ],
									"rotationOrigin": [ 0.9785, 0.95, 1.0021 ],
									"rotationY": -4.0,
									"faces": {
										"north": { "texture": "#blackbronze", "uv": [ 2.5, 8.5, 8.5, 9.0 ] },
										"west": { "texture": "#blackbronze", "uv": [ 7.5, 9.0, 8.5, 9.5 ] },
										"up": { "texture": "#blackbronze", "uv": [ 1.0, 5.0, 7.0, 6.0 ] },
										"down": { "texture": "#blackbronze", "uv": [ 1.0, 11.0, 7.0, 12.0 ] }
									},
									"children": [
										{
											"name": "blade2",
											"from": [ 6.0, 0.01, 0.0 ],
											"to": [ 14.0, 0.21, 1.0 ],
											"rotationOrigin": [ 6.0, 0.1, 0.0 ],
											"rotationY": -2.5,
											"faces": {
												"north": { "texture": "#blackbronze", "uv": [ 2.5, 2.5, 10.5, 3.0 ] },
												"east": { "texture": "#blackbronze", "uv": [ 3.5, 1.0, 4.5, 1.5 ] },
												"up": { "texture": "#blackbronze", "uv": [ 2.5, 12.5, 10.5, 13.5 ] },
												"down": { "texture": "#blackbronze", "uv": [ 0.5, 13.5, 8.5, 14.5 ] }
											},
											"children": [
												{
													"name": "blade3",
													"from": [ 8.0, -0.01, 0.0 ],
													"to": [ 13.0, 0.19, 1.0 ],
													"rotationOrigin": [ 8.0, 0.1, 0.0 ],
													"rotationY": -1.5,
													"faces": {
														"north": { "texture": "#blackbronze", "uv": [ 0.5, 5.0, 5.5, 5.5 ] },
														"east": { "texture": "#blackbronze", "uv": [ 2.5, 5.0, 3.5, 5.5 ] },
														"up": { "texture": "#blackbronze", "uv": [ 3.5, 7.5, 8.5, 8.5 ] },
														"down": { "texture": "#blackbronze", "uv": [ 2.5, 11.0, 7.5, 12.0 ] }
													},
													"children": [
														{
															"name": "blade4",
															"from": [ 5.0, 0.01, 0.0 ],
															"to": [ 11.0, 0.21, 1.0 ],
															"rotationOrigin": [ 5.0, 0.1, 0.0 ],
															"rotationY": -4.0,
															"faces": {
																"north": { "texture": "#blackbronze", "uv": [ 5.0, 11.0, 11.0, 11.5 ] },
																"east": { "texture": "#blackbronze", "uv": [ 2.0, 14.0, 3.0, 14.5 ] },
																"up": { "texture": "#blackbronze", "uv": [ 8.5, 14.5, 14.5, 15.5 ] },
																"down": { "texture": "#blackbronze", "uv": [ 3.5, 6.5, 9.5, 7.5 ] }
															},
															"children": [
																{
																	"name": "blade5",
																	"from": [ 5.5, -0.01, 0.04 ],
																	"to": [ 9.0, 0.19, 1.04 ],
																	"rotationOrigin": [ 6.0, 0.0, 0.0 ],
																	"rotationY": -3.3,
																	"faces": {
																		"north": { "texture": "#blackbronze", "uv": [ 1.0, 3.5, 4.5, 4.0 ] },
																		"east": { "texture": "#blackbronze", "uv": [ 2.0, 10.0, 3.0, 10.5 ] },
																		"up": { "texture": "#blackbronze", "uv": [ 4.5, 1.5, 8.0, 2.5 ] },
																		"down": { "texture": "#blackbronze", "uv": [ 6.5, 10.5, 10.0, 11.5 ] }
																	}
																}
															]
														},
														{
															"name": "blade6",
															"from": [ 13.9562, 0.01, 0.8361 ],
															"to": [ 16.9562, 0.21, 1.8361 ],
															"rotationOrigin": [ 13.9562, 0.0, 0.8361 ],
															"rotationY": -13.0,
															"faces": {
																"north": { "texture": "#blackbronze", "uv": [ 12.0, 8.5, 15.0, 9.0 ] },
																"east": { "texture": "#blackbronze", "uv": [ 1.0, 11.5, 2.0, 12.0 ] },
																"up": { "texture": "#blackbronze", "uv": [ 1.5, 13.5, 4.5, 14.5 ] },
																"down": { "texture": "#blackbronze", "uv": [ 5.5, 4.0, 8.5, 5.0 ] }
															},
															"children": [
																{
																	"name": "blade7",
																	"from": [ 3.0341, 0.01, -0.2588 ],
																	"to": [ 5.0341, 0.19, 1.5412 ],
																	"rotationOrigin": [ 2.0341, -0.01, -0.2588 ],
																	"rotationY": -15.0,
																	"faces": {
																		"north": { "texture": "#blackbronze", "uv": [ 7.0, 13.0, 9.0, 13.5 ] },
																		"east": { "texture": "#blackbronze", "uv": [ 1.5, 4.5, 3.0, 5.0 ] },
																		"south": { "texture": "#blackbronze", "uv": [ 9.0, 6.0, 11.0, 6.5 ] },
																		"up": { "texture": "#blackbronze", "uv": [ 5.0, 4.0, 7.0, 5.5 ] },
																		"down": { "texture": "#blackbronze", "uv": [ 4.0, 7.0, 6.0, 8.5 ] }
																	},
																	"children": [
																		{
																			"name": "blade8",
																			"from": [ 2.0, -0.02, 0.0 ],
																			"to": [ 3.5, 0.17, 1.6 ],
																			"rotationOrigin": [ 2.0, -0.02, 0.0 ],
																			"rotationY": -30.0,
																			"faces": {
																				"north": { "texture": "#blackbronze", "uv": [ 7.0, 13.0, 8.5, 13.5 ] },
																				"east": { "texture": "#blackbronze", "uv": [ 1.5, 4.5, 3.0, 5.0 ] },
																				"south": { "texture": "#blackbronze", "uv": [ 9.0, 6.0, 10.5, 6.5 ] },
																				"up": { "texture": "#blackbronze", "uv": [ 5.0, 4.0, 6.5, 5.5 ] },
																				"down": { "texture": "#blackbronze", "uv": [ 4.0, 7.0, 5.5, 8.5 ] }
																			},
																			"children": [
																				{
																					"name": "bladetip",
																					"from": [ 1.0, 0.01, 0.2 ],
																					"to": [ 2.2, 0.17, 1.4 ],
																					"rotationOrigin": [ 1.5, 0.1, 0.7 ],
																					"rotationY": -45.0,
																					"faces": {
																						"north": { "texture": "#blackbronze", "uv": [ 9.0, 14.0, 10.0, 14.5 ] },
																						"east": { "texture": "#blackbronze", "uv": [ 2.0, 10.0, 3.0, 10.5 ] },
																						"south": { "texture": "#blackbronze", "uv": [ 14.5, 11.0, 15.5, 11.5 ] },
																						"west": { "texture": "#blackbronze", "uv": [ 6.5, 11.0, 7.5, 11.5 ] },
																						"up": { "texture": "#blackbronze", "uv": [ 6.5, 1.0, 7.5, 2.0 ] },
																						"down": { "texture": "#blackbronze", "uv": [ 14.5, 3.5, 15.5, 4.5 ] }
																					}
																				}
																			]
																		}
																	]
																}
															]
														}
													]
												}
											]
										}
									]
								},
								{
									"name": "blademiddle7",
									"from": [ 8.4, 0.71, 3.13 ],
									"to": [ 12.4, 1.21, 3.93 ],
									"rotationOrigin": [ 8.9, 0.95, 2.5 ],
									"rotationY": -3.0,
									"faces": {
										"north": { "texture": "#blackbronze", "uv": [ 0.0, 6.5, 4.0, 7.0 ] },
										"east": { "texture": "#blackbronze", "uv": [ 8.5, 0.5, 9.0, 1.0 ] },
										"south": { "texture": "#blackbronze", "uv": [ 0.0, 8.5, 4.0, 9.0 ] },
										"up": { "texture": "#blackbronze", "uv": [ 0.0, 4.5, 4.0, 5.0 ] },
										"down": { "texture": "#blackbronze", "uv": [ 0.0, 8.0, 4.0, 8.5 ] }
									}
								}
							]
						}
					]
				}
			]
		}
	]}