﻿[
    // Therizinosauridae
    {
        "side": "server",
        "file": "therizinosauridae:entities/land/therizinosauridae",
        "op": "add",
        "path": "/server/behaviors/-",
        "value": {
            "code": "EntityBleedingBehavior"
        }
    },
    {
        "side": "server",
        "file":  "therizinosauridae:entities/land/therizinosauridae",
        "op": "add",
        "path": "/client/behaviors/-",
        "value": {
            "code": "EntityBleedingBehaviorParticles"
        }
    }
]