[
{
	"ingredientPattern": "KB",
	"ingredients": {
		"K": { "type": "item", "code": "aa-knife-*", "isTool": true },
		"B": { "type": "item", "code": "game:basket-normal-reed" }
	},
	"name": "basket",
	"width": 2,
	"height": 1,
	"shapeless": true,
	"output": { "type": "item", "code": "game:cattailtops", "quantity": 5 }
},
{
	"ingredientPattern": "KB",
	"ingredients": {
		"K": { "type": "item", "code": "aa-knife-*", "isTool": true },
		"B": { "type": "item", "code": "game:basket-normal-papyrus" }
	},
	"name": "basket",
	"width": 2,
	"height": 1,
	"shapeless": true,
	"output": { "type": "item", "code": "game:papyrustops", "quantity": 5 }
}
]