[
	{
		"ingredientPattern": "__K,LL_,LL_",
		"ingredients": {
			"K": { "type": "item", "code": "aa-knife-*", "isTool": true },
			"L": { "type": "item", "code": "game:cattailtops", "quantity": 2 }
		},
		"width": 3,
		"height": 3,
		"output": { "type": "block", "code": "game:rushmat"  }
	},
	{
		"ingredientPattern": "__K,PP_,PP_",
		"ingredients": {
			"K": { "type": "item", "code": "aa-knife-*", "isTool": true },
			"P": { "type": "item", "code": "game:papyrustops", "quantity": 2 }
		},
		"width": 3,
		"height": 3,
		"output": { "type": "block", "code": "game:rushmat"  }
	}
]