{
	"editor": {
		"allAngles": false,
		"entityTextureMode": false
	},
	"textureWidth": 16,
	"textureHeight": 16,
	"textureSizes": {
		"iron": [16,16],
		"wood": [16,16]
	},
	"textures": {
	},
	"elements": [
		{
			"name": "origin",
			"from": [ 6.0, 0.0, 8.0 ],
			"to": [ 6.0, 0.0, 8.0 ],
			"rotationOrigin": [ 8.0, 0.0, 8.0 ],
			"faces": {
			},
			"children": [
				{
					"name": "blade1",
					"from": [ -2.0, -0.7, -0.25 ],
					"to": [ 0.0, 0.5, 0.25 ],
					"rotationOrigin": [ -2.0, -0.2, 0.0 ],
					"faces": {
						"north": { "texture": "#ingot-silver", "uv": [ 0.0, 10.0, 2.0, 11.0 ] },
						"east": { "texture": "#ingot-silver", "uv": [ 2.0, 3.5, 2.5, 4.5 ] },
						"south": { "texture": "#ingot-silver", "uv": [ 5.0, 1.0, 7.0, 2.0 ], "windMode": [-1,-1,-1,-1] },
						"west": { "texture": "#ingot-silver", "uv": [ 0.0, 0.0, 0.5, 1.0 ], "windMode": [-1,-1,-1,-1] },
						"up": { "texture": "#ingot-silver", "uv": [ 10.5, 14.5, 12.5, 15.0 ] },
						"down": { "texture": "#ingot-silver", "uv": [ 13.0, 6.0, 15.0, 6.5 ] }
					},
					"children": [
						{
							"name": "fuller",
							"from": [ 2.0, 0.4, 0.0 ],
							"to": [ 9.5, 0.8, 0.5 ],
							"rotationOrigin": [ 2.0, 0.6, 0.0 ],
							"faces": {
								"north": { "texture": "#ingot-silver", "uv": [ 7.5, 0.0, 15.0, 0.5 ] },
								"east": { "texture": "#ingot-silver", "uv": [ 6.0, 6.0, 6.5, 6.5 ] },
								"south": { "texture": "#ingot-silver", "uv": [ 3.0, 3.0, 10.5, 3.5 ] },
								"up": { "texture": "#ingot-silver", "uv": [ 7.0, 3.5, 14.5, 4.0 ] },
								"down": { "texture": "#ingot-silver", "uv": [ 4.5, 0.5, 12.0, 1.0 ] }
							}
						},
						{
							"name": "blade2",
							"from": [ 2.0, 0.0, 0.15 ],
							"to": [ 9.0, 1.2, 0.35 ],
							"rotationOrigin": [ 2.0, 0.6, 0.25 ],
							"faces": {
								"north": { "texture": "#ingot-silver", "uv": [ 2.0, 13.0, 9.0, 14.0 ] },
								"east": { "texture": "#ingot-silver", "uv": [ 0.5, 4.0, 1.0, 5.0 ], "windMode": [-1,-1,-1,-1] },
								"south": { "texture": "#ingot-silver", "uv": [ 3.5, 6.5, 10.5, 7.5 ] },
								"up": { "texture": "#ingot-silver", "uv": [ 7.0, 8.5, 14.0, 9.0 ] },
								"down": { "texture": "#ingot-silver", "uv": [ 2.5, 12.5, 9.5, 13.0 ] }
							},
							"children": [
								{
									"name": "bladetip1",
									"from": [ 7.0, 0.7, 0.0 ],
									"to": [ 9.0, 1.2, 0.2 ],
									"rotationOrigin": [ 7.0, 1.2, 0.1 ],
									"rotationY": 1.0,
									"rotationZ": -10.0,
									"faces": {
										"north": { "texture": "#ingot-silver", "uv": [ 9.5, 9.5, 11.5, 10.0 ] },
										"east": { "texture": "#ingot-silver", "uv": [ 13.5, 10.0, 14.0, 10.5 ] },
										"south": { "texture": "#ingot-silver", "uv": [ 6.0, 9.0, 8.0, 9.5 ] },
										"up": { "texture": "#ingot-silver", "uv": [ 6.5, 3.0, 8.5, 3.5 ] },
										"down": { "texture": "#ingot-silver", "uv": [ 9.5, 14.0, 11.5, 14.5 ] }
									}
								},
								{
									"name": "bladetip2",
									"from": [ 7.0, 0.0, 0.0 ],
									"to": [ 9.0, 0.5, 0.2 ],
									"rotationOrigin": [ 7.0, 0.0, 0.1 ],
									"rotationY": -1.0,
									"rotationZ": 10.0,
									"faces": {
										"north": { "texture": "#ingot-silver", "uv": [ 1.5, 0.5, 3.5, 1.0 ] },
										"east": { "texture": "#ingot-silver", "uv": [ 0.0, 1.5, 0.5, 2.0 ] },
										"south": { "texture": "#ingot-silver", "uv": [ 3.5, 6.0, 5.5, 6.5 ] },
										"up": { "texture": "#ingot-silver", "uv": [ 11.0, 2.5, 13.0, 3.0 ] },
										"down": { "texture": "#ingot-silver", "uv": [ 5.0, 15.0, 7.0, 15.5 ] }
									}
								},
								{
									"name": "bladetip3",
									"from": [ 8.8, 0.4, 0.0 ],
									"to": [ 9.15, 0.75, 0.2 ],
									"rotationOrigin": [ 9.0, 0.6, 0.0 ],
									"rotationZ": -45.0,
									"faces": {
										"north": { "texture": "#ingot-silver", "uv": [ 7.0, 7.5, 7.5, 8.0 ] },
										"east": { "texture": "#ingot-silver", "uv": [ 13.0, 10.0, 13.5, 10.5 ] },
										"south": { "texture": "#ingot-silver", "uv": [ 6.5, 9.0, 7.0, 9.5 ] },
										"west": { "texture": "#ingot-silver", "uv": [ 1.5, 2.0, 2.0, 2.5 ] },
										"up": { "texture": "#ingot-silver", "uv": [ 9.5, 11.5, 10.0, 12.0 ] },
										"down": { "texture": "#ingot-silver", "uv": [ 3.5, 6.0, 4.0, 6.5 ] }
									}
								}
							]
						}
					]
				},
				{
					"name": "Tong",
					"from": [ -7.7, -0.46, 0.0 ],
					"to": [ -2.0, 0.04, 0.5 ],
					"rotationOrigin": [ -7.7, -0.46, 0.0 ],
					"rotationX": -45.0,
					"faces": {
						"north": { "texture": "#ingot-silver", "uv": [ 15.0, 5.5, 20.5, 6.0 ] },
						"east": { "texture": "#ingot-silver", "uv": [ 11.5, 6.5, 12.0, 7.0 ] },
						"south": { "texture": "#ingot-silver", "uv": [ 4.0, 11.5, 9.5, 12.0 ] },
						"west": { "texture": "#ingot-silver", "uv": [ 6.5, 7.0, 7.0, 7.5 ] },
						"up": { "texture": "#ingot-silver", "uv": [ 7.5, 9.0, 13.0, 9.5 ] },
						"down": { "texture": "#ingot-silver", "uv": [ 2.0, 2.0, 7.5, 2.5 ] }
					}
				}
			]
		}
	]}