{
	"editor": {
		"allAngles": false,
		"entityTextureMode": false
	},
	"textureWidth": 16,
	"textureHeight": 8,
	"textureSizes": {
		"metal": [16,16],
		"wood": [16,16],
		"handle": [16,16],
		"pommel": [16,16]
	},
	"textures": {
	},
	"elements": [
		{
			"name": "origin",
			"from": [ -3.0, 0.0, 8.0 ],
			"to": [ -3.0, 0.0, 8.0 ],
			"rotationOrigin": [ 8.0, 0.0, 8.0 ],
			"rotationX": -180.0,
			"faces": {
			},
			"children": [
				{
					"name": "Taper1",
					"from": [ 5.0, -0.2, -0.3 ],
					"to": [ 14.0, 0.2, 0.3 ],
					"rotationOrigin": [ 5.0, 0.0, 0.0 ],
					"faces": {
						"north": { "texture": "#metal", "uv": [ 0.0, 0.0, 9.0, 0.5 ] },
						"east": { "texture": "#metal", "uv": [ 0.0, 0.0, 0.5, 0.5 ] },
						"south": { "texture": "#metal", "uv": [ 0.0, 0.0, 9.0, 0.5 ] },
						"west": { "texture": "#metal", "uv": [ 0.0, 0.0, 0.5, 0.5 ] },
						"up": { "texture": "#metal", "uv": [ 0.0, 0.0, 9.0, 0.5 ] },
						"down": { "texture": "#metal", "uv": [ 0.0, 0.0, 9.0, 0.5 ] }
					},
					"children": [
						{
							"name": "Taper3.1",
							"from": [ 15.0, 0.0, -0.1 ],
							"to": [ 22.22, 0.4, 0.2 ],
							"rotationOrigin": [ 15.0, 0.2, 0.3 ],
							"faces": {
								"north": { "texture": "#metal", "uv": [ 0.0, 0.0, 7.0, 0.5 ] },
								"east": { "texture": "#metal", "uv": [ 0.0, 0.0, 0.5, 0.5 ] },
								"south": { "texture": "#metal", "uv": [ 0.0, 0.0, 7.0, 0.5 ] },
								"west": { "texture": "#metal", "uv": [ 0.0, 0.0, 0.5, 0.5 ] },
								"up": { "texture": "#metal", "uv": [ 0.0, 0.0, 7.0, 0.5 ] },
								"down": { "texture": "#metal", "uv": [ 0.0, 0.0, 7.0, 0.5 ] }
							},
							"children": [
								{
									"name": "Taper3",
									"from": [ 0.0, 0.0, 0.3 ],
									"to": [ 7.22, 0.4, 0.6 ],
									"rotationOrigin": [ 0.0, 0.2, 0.3 ],
									"rotationY": 2.3,
									"faces": {
										"north": { "texture": "#metal", "uv": [ 0.0, 0.0, 7.0, 0.5 ] },
										"east": { "texture": "#metal", "uv": [ 0.0, 0.0, 0.5, 0.5 ] },
										"south": { "texture": "#metal", "uv": [ 0.0, 0.0, 7.0, 0.5 ] },
										"west": { "texture": "#metal", "uv": [ 0.0, 0.0, 0.5, 0.5 ] },
										"up": { "texture": "#metal", "uv": [ 0.0, 0.0, 7.0, 0.5 ] },
										"down": { "texture": "#metal", "uv": [ 0.0, 0.0, 7.0, 0.5 ] }
									}
								},
								{
									"name": "TaperTip",
									"from": [ 7.15, 0.005, 0.24 ],
									"to": [ 7.38, 0.395, 0.47 ],
									"rotationOrigin": [ 7.0, 0.2, 0.3 ],
									"rotationY": 45.0,
									"faces": {
										"north": { "texture": "#metal", "uv": [ 0.0, 0.0, 0.5, 0.5 ] },
										"east": { "texture": "#metal", "uv": [ 0.0, 0.0, 0.5, 0.5 ] },
										"south": { "texture": "#metal", "uv": [ 0.0, 0.0, 0.5, 0.5 ] },
										"west": { "texture": "#metal", "uv": [ 0.0, 0.0, 0.5, 0.5 ] },
										"up": { "texture": "#metal", "uv": [ 0.0, 0.0, 0.5, 0.5 ] },
										"down": { "texture": "#metal", "uv": [ 0.0, 0.0, 0.5, 0.5 ] }
									}
								}
							]
						},
						{
							"name": "Taper2",
							"from": [ 8.99, 0.005, 0.0 ],
							"to": [ 15.02, 0.395, 0.6 ],
							"rotationOrigin": [ 9.0037, 0.2, 0.0906 ],
							"rotationY": 0.9,
							"faces": {
								"north": { "texture": "#metal", "uv": [ 0.0, 0.0, 6.0, 0.5 ] },
								"east": { "texture": "#metal", "uv": [ 0.0, 0.0, 0.5, 0.5 ] },
								"south": { "texture": "#metal", "uv": [ 0.0, 0.0, 6.0, 0.5 ] },
								"west": { "texture": "#metal", "uv": [ 0.0, 0.0, 0.5, 0.5 ] },
								"up": { "texture": "#metal", "uv": [ 0.0, 0.0, 6.0, 0.5 ] },
								"down": { "texture": "#metal", "uv": [ 0.0, 0.0, 6.0, 0.5 ] }
							}
						}
					]
				},
				{
					"name": "blade1S",
					"from": [ 5.1, -0.1, -0.3 ],
					"to": [ 13.1, 0.1, 1.2 ],
					"rotationOrigin": [ 5.2, 0.0, 0.75 ],
					"rotationY": -1.5,
					"faces": {
						"east": { "texture": "#metal", "uv": [ 7.0, 0.0, 8.5, 0.5 ] },
						"south": { "texture": "#metal", "uv": [ 0.0, 11.0, 8.0, 11.5 ] },
						"up": { "texture": "#metal", "uv": [ 0.0, 3.0, 8.0, 4.5 ] },
						"down": { "texture": "#metal", "uv": [ 0.0, 6.0, 8.0, 7.5 ] }
					},
					"children": [
						{
							"name": "blade2S",
							"from": [ 7.95, 0.005, 0.147 ],
							"to": [ 20.95, 0.215, 1.497 ],
							"rotationOrigin": [ 8.0, 0.1, 1.0 ],
							"rotationY": 2.0,
							"faces": {
								"north": { "texture": "#metal", "uv": [ 0.0, 4.0, 13.0, 4.5 ] },
								"east": { "texture": "#metal", "uv": [ 10.0, 12.5, 11.0, 13.0 ] },
								"south": { "texture": "#metal", "uv": [ 0.0, 14.5, 13.0, 15.0 ] },
								"up": { "texture": "#metal", "uv": [ 0.0, 3.0, 13.0, 4.0 ] },
								"down": { "texture": "#metal", "uv": [ 0.0, 13.0, 13.0, 14.0 ] }
							}
						},
						{
							"name": "blade3S",
							"from": [ 20.71, -0.01, -0.3 ],
							"to": [ 24.88, 0.2, 1.0 ],
							"rotationOrigin": [ 21.0, 0.1, 0.0 ],
							"rotationY": 14.0,
							"faces": {
								"north": { "texture": "#metal", "uv": [ 0.0, 4.0, 4.0, 4.5 ] },
								"east": { "texture": "#metal", "uv": [ 10.0, 12.5, 11.0, 13.0 ] },
								"south": { "texture": "#metal", "uv": [ 0.0, 14.5, 4.0, 15.0 ] },
								"up": { "texture": "#metal", "uv": [ 0.0, 3.0, 4.0, 4.0 ] },
								"down": { "texture": "#metal", "uv": [ 0.0, 13.0, 4.0, 14.0 ] }
							}
						},
						{
							"name": "blade4S",
							"from": [ 24.98, 0.005, -0.575 ],
							"to": [ 27.08, 0.215, 0.025 ],
							"rotationOrigin": [ 25.0, 0.1, 0.0 ],
							"rotationY": 22.5,
							"faces": {
								"north": { "texture": "#metal", "uv": [ 0.0, 4.0, 2.0, 4.5 ] },
								"east": { "texture": "#metal", "uv": [ 10.0, 12.5, 10.5, 13.0 ] },
								"south": { "texture": "#metal", "uv": [ 0.0, 14.5, 2.0, 15.0 ] },
								"up": { "texture": "#metal", "uv": [ 0.0, 3.0, 2.0, 3.5 ] },
								"down": { "texture": "#metal", "uv": [ 0.0, 13.0, 2.0, 13.5 ] }
							}
						},
						{
							"name": "blade3.2",
							"from": [ 24.85, 0.015, -0.9 ],
							"to": [ 25.35, 0.205, -0.4 ],
							"rotationOrigin": [ 25.0, 0.1, 0.0 ],
							"rotationY": 11.0,
							"faces": {
								"north": { "texture": "#metal", "uv": [ 0.0, 4.0, 0.5, 4.5 ] },
								"east": { "texture": "#metal", "uv": [ 10.0, 12.5, 10.5, 13.0 ] },
								"south": { "texture": "#metal", "uv": [ 0.0, 14.5, 0.5, 15.0 ] },
								"up": { "texture": "#metal", "uv": [ 0.0, 3.0, 0.5, 3.5 ] },
								"down": { "texture": "#metal", "uv": [ 0.0, 13.0, 0.5, 13.5 ] }
							}
						}
					]
				},
				{
					"name": "blade1N",
					"from": [ 5.1, -0.1, -1.15 ],
					"to": [ 13.1, 0.1, -0.15 ],
					"rotationOrigin": [ 5.2, 0.0, -0.75 ],
					"rotationY": 0.5,
					"faces": {
						"north": { "texture": "#metal", "uv": [ 0.0, 4.0, 8.0, 4.5 ] },
						"east": { "texture": "#metal", "uv": [ 5.0, 0.0, 6.0, 0.5 ] },
						"up": { "texture": "#metal", "uv": [ 0.0, 5.0, 8.0, 6.0 ] },
						"down": { "texture": "#metal", "uv": [ 0.0, 0.0, 8.0, 1.0 ] }
					},
					"children": [
						{
							"name": "blade2N",
							"from": [ 7.95, 0.01, 0.0 ],
							"to": [ 18.95, 0.21, 1.4 ],
							"rotationOrigin": [ 8.0, 0.1, 0.0 ],
							"rotationY": 2.0,
							"faces": {
								"north": { "texture": "#metal", "uv": [ 0.0, 14.5, 11.0, 15.0 ] },
								"east": { "texture": "#metal", "uv": [ 10.0, 7.5, 11.0, 8.0 ] },
								"south": { "texture": "#metal", "uv": [ 0.0, 6.0, 11.0, 6.5 ] },
								"up": { "texture": "#metal", "uv": [ 0.0, 12.5, 11.0, 13.5 ] },
								"down": { "texture": "#metal", "uv": [ 0.0, 8.0, 11.0, 9.0 ] }
							}
						},
						{
							"name": "blade3N",
							"from": [ 18.88, 0.009, -0.37 ],
							"to": [ 24.88, 0.199, 1.03 ],
							"rotationOrigin": [ 19.0, 0.1, 0.0 ],
							"rotationY": -8.0,
							"faces": {
								"north": { "texture": "#metal", "uv": [ 0.0, 14.5, 6.0, 15.0 ] },
								"east": { "texture": "#metal", "uv": [ 10.0, 7.5, 11.0, 8.0 ] },
								"south": { "texture": "#metal", "uv": [ 0.0, 6.0, 6.0, 6.5 ] },
								"up": { "texture": "#metal", "uv": [ 0.0, 12.5, 6.0, 13.5 ] },
								"down": { "texture": "#metal", "uv": [ 0.0, 8.0, 6.0, 9.0 ] }
							}
						},
						{
							"name": "blade4N",
							"from": [ 24.7, 0.01, 0.45 ],
							"to": [ 26.92, 0.21, 1.01 ],
							"rotationOrigin": [ 25.0, 0.1, 1.0 ],
							"faces": {
								"north": { "texture": "#metal", "uv": [ 0.0, 14.5, 2.0, 15.0 ] },
								"east": { "texture": "#metal", "uv": [ 10.0, 7.5, 10.5, 8.0 ] },
								"south": { "texture": "#metal", "uv": [ 0.0, 6.0, 2.0, 6.5 ] },
								"up": { "texture": "#metal", "uv": [ 0.0, 12.5, 2.0, 13.0 ] },
								"down": { "texture": "#metal", "uv": [ 0.0, 8.0, 2.0, 8.5 ] }
							}
						},
						{
							"name": "Tip",
							"from": [ 27.3, 0.013, -0.175 ],
							"to": [ 27.7, 0.213, 0.225 ],
							"rotationOrigin": [ 28.0, 0.1, 1.0 ],
							"rotationY": 49.0,
							"faces": {
								"north": { "texture": "#metal", "uv": [ 0.0, 14.5, 0.5, 15.0 ] },
								"east": { "texture": "#metal", "uv": [ 10.0, 7.5, 10.5, 8.0 ] },
								"south": { "texture": "#metal", "uv": [ 0.0, 6.0, 0.5, 6.5 ] },
								"up": { "texture": "#metal", "uv": [ 0.0, 12.5, 0.5, 13.0 ] },
								"down": { "texture": "#metal", "uv": [ 0.0, 8.0, 0.5, 8.5 ] }
							}
						}
					]
				}
			]
		},
		{
			"name": "Tang",
			"from": [ -5.0, -0.42, 8.0 ],
			"to": [ 2.0, 0.18, 8.6 ],
			"rotationOrigin": [ -5.0, -0.42, 8.0 ],
			"rotationX": -45.0,
			"faces": {
				"north": { "texture": "#metal", "uv": [ 0.0, 0.0, 7.0, 0.5 ] },
				"east": { "texture": "#metal", "uv": [ 0.0, 0.0, 0.5, 0.5 ] },
				"south": { "texture": "#metal", "uv": [ 0.0, 0.0, 7.0, 0.5 ] },
				"west": { "texture": "#metal", "uv": [ 0.0, 0.0, 0.5, 0.5 ] },
				"up": { "texture": "#metal", "uv": [ 0.0, 0.0, 7.0, 0.5 ] },
				"down": { "texture": "#metal", "uv": [ 0.0, 0.0, 7.0, 0.5 ] }
			}
		}
	]}