{
	"editor": {
		"allAngles": false,
		"entityTextureMode": false
	},
	"textureWidth": 16,
	"textureHeight": 16,
	"textureSizes": {
		"metal": [16,16],
		"wood": [16,16],
		"handle": [16,16],
		"pommel": [16,16]
	},
	"textures": {
	},
	"elements": [
		{
			"name": "origin",
			"from": [ -2.0, 0.0, 8.0 ],
			"to": [ -2.0, 0.0, 8.0 ],
			"rotationOrigin": [ 8.0, 0.0, 8.0 ],
			"faces": {
			},
			"children": [
				{
					"name": "Taper1",
					"from": [ 5.0, -0.2, -0.3 ],
					"to": [ 21.0, 0.2, 0.3 ],
					"rotationOrigin": [ 5.0, 0.0, 0.0 ],
					"faces": {
						"north": { "texture": "#metal", "uv": [ 0.0, 0.0, 16.0, 0.5 ] },
						"east": { "texture": "#metal", "uv": [ 0.0, 0.0, 0.5, 0.5 ] },
						"south": { "texture": "#metal", "uv": [ 0.0, 0.0, 16.0, 0.5 ] },
						"west": { "texture": "#metal", "uv": [ 0.0, 0.0, 0.5, 0.5 ] },
						"up": { "texture": "#metal", "uv": [ 0.0, 0.0, 16.0, 0.5 ] },
						"down": { "texture": "#metal", "uv": [ 0.0, 0.0, 16.0, 0.5 ] }
					},
					"children": [
						{
							"name": "Taper2",
							"from": [ 16.0, 0.0, 0.0 ],
							"to": [ 32.0, 0.4, 0.3 ],
							"rotationOrigin": [ 16.0, 0.2, 0.3 ],
							"rotationY": -0.53,
							"faces": {
								"north": { "texture": "#metal", "uv": [ 0.0, 0.0, 16.0, 0.5 ] },
								"east": { "texture": "#metal", "uv": [ 0.0, 0.0, 0.5, 0.5 ] },
								"south": { "texture": "#metal", "uv": [ 0.0, 0.0, 16.0, 0.5 ] },
								"west": { "texture": "#metal", "uv": [ 0.0, 0.0, 0.5, 0.5 ] },
								"up": { "texture": "#metal", "uv": [ 0.0, 0.0, 16.0, 0.5 ] },
								"down": { "texture": "#metal", "uv": [ 0.0, 0.0, 16.0, 0.5 ] }
							}
						},
						{
							"name": "Taper3",
							"from": [ 16.0, 0.0, 0.3 ],
							"to": [ 32.0, 0.4, 0.6 ],
							"rotationOrigin": [ 16.0, 0.2, 0.3 ],
							"rotationY": 0.53,
							"faces": {
								"north": { "texture": "#metal", "uv": [ 0.0, 0.0, 16.0, 0.5 ] },
								"east": { "texture": "#metal", "uv": [ 0.0, 0.0, 0.5, 0.5 ] },
								"south": { "texture": "#metal", "uv": [ 0.0, 0.0, 16.0, 0.5 ] },
								"west": { "texture": "#metal", "uv": [ 0.0, 0.0, 0.5, 0.5 ] },
								"up": { "texture": "#metal", "uv": [ 0.0, 0.0, 16.0, 0.5 ] },
								"down": { "texture": "#metal", "uv": [ 0.0, 0.0, 16.0, 0.5 ] }
							}
						},
						{
							"name": "Taper4",
							"from": [ 31.9, 0.0, 0.18 ],
							"to": [ 32.12, 0.4, 0.4 ],
							"rotationOrigin": [ 32.0, 0.2, 0.3 ],
							"rotationY": -45.0,
							"faces": {
								"north": { "texture": "#metal", "uv": [ 0.0, 0.0, 0.5, 0.5 ] },
								"east": { "texture": "#metal", "uv": [ 0.0, 0.0, 0.5, 0.5 ] },
								"south": { "texture": "#metal", "uv": [ 0.0, 0.0, 0.5, 0.5 ] },
								"west": { "texture": "#metal", "uv": [ 0.0, 0.0, 0.5, 0.5 ] },
								"up": { "texture": "#metal", "uv": [ 0.0, 0.0, 0.5, 0.5 ] },
								"down": { "texture": "#metal", "uv": [ 0.0, 0.0, 0.5, 0.5 ] }
							}
						},
						{
							"name": "tip",
							"from": [ 31.7, 0.12, 0.3 ],
							"to": [ 32.24, 0.32, 0.84 ],
							"rotationOrigin": [ 31.7, 0.2, 0.3 ],
							"rotationY": 45.0,
							"faces": {
								"north": { "texture": "#metal", "uv": [ 0.0, 0.0, 0.5, 0.5 ] },
								"east": { "texture": "#metal", "uv": [ 0.0, 0.0, 0.5, 0.5 ] },
								"south": { "texture": "#metal", "uv": [ 0.0, 0.0, 0.5, 0.5 ] },
								"west": { "texture": "#metal", "uv": [ 0.0, 0.0, 0.5, 0.5 ] },
								"up": { "texture": "#metal", "uv": [ 0.0, 0.0, 0.5, 0.5 ] },
								"down": { "texture": "#metal", "uv": [ 0.0, 0.0, 0.5, 0.5 ] }
							}
						}
					]
				},
				{
					"name": "blade1S",
					"from": [ 5.1, -0.1, 0.15 ],
					"to": [ 15.1, 0.1, 1.15 ],
					"rotationOrigin": [ 5.2, 0.0, 0.75 ],
					"rotationY": 0.5,
					"faces": {
						"east": { "texture": "#metal", "uv": [ 7.0, 0.0, 8.0, 0.5 ] },
						"south": { "texture": "#metal", "uv": [ 0.0, 11.0, 10.0, 11.5 ] },
						"up": { "texture": "#metal", "uv": [ 0.0, 3.0, 10.0, 4.0 ] },
						"down": { "texture": "#metal", "uv": [ 0.0, 6.0, 10.0, 7.0 ] }
					},
					"children": [
						{
							"name": "blade2S",
							"from": [ 10.0, 0.01, 0.2 ],
							"to": [ 25.0, 0.21, 1.0 ],
							"rotationOrigin": [ 10.0, 0.1, 1.0 ],
							"rotationY": 1.0,
							"faces": {
								"north": { "texture": "#metal", "uv": [ 0.0, 4.0, 15.0, 4.5 ] },
								"east": { "texture": "#metal", "uv": [ 10.0, 12.5, 10.5, 13.0 ] },
								"south": { "texture": "#metal", "uv": [ 0.0, 14.5, 15.0, 15.0 ] },
								"up": { "texture": "#metal", "uv": [ 0.0, 3.0, 15.0, 3.5 ] },
								"down": { "texture": "#metal", "uv": [ 0.0, 13.0, 15.0, 13.5 ] }
							},
							"children": [
								{
									"name": "blade3S",
									"from": [ 15.0, 0.008, 0.1 ],
									"to": [ 22.0, 0.198, 0.8 ],
									"rotationOrigin": [ 15.0, 0.1, 0.8 ],
									"rotationY": 1.0,
									"faces": {
										"north": { "texture": "#metal", "uv": [ 1.0, 13.5, 8.0, 14.0 ] },
										"east": { "texture": "#metal", "uv": [ 13.5, 9.5, 14.0, 10.0 ] },
										"south": { "texture": "#metal", "uv": [ 5.5, 4.5, 12.5, 5.0 ] },
										"west": { "texture": "#metal", "uv": [ 11.0, 3.0, 11.5, 3.5 ] },
										"up": { "texture": "#metal", "uv": [ 1.0, 5.5, 8.0, 6.0 ] },
										"down": { "texture": "#metal", "uv": [ 2.0, 15.0, 9.0, 15.5 ] }
									}
								}
							]
						}
					]
				},
				{
					"name": "blade1N",
					"from": [ 5.1, -0.1, -1.15 ],
					"to": [ 15.1, 0.1, -0.15 ],
					"rotationOrigin": [ 5.2, 0.0, -0.75 ],
					"rotationY": -0.5,
					"faces": {
						"north": { "texture": "#metal", "uv": [ 0.0, 4.0, 10.0, 4.5 ] },
						"east": { "texture": "#metal", "uv": [ 5.0, 0.0, 6.0, 0.5 ] },
						"up": { "texture": "#metal", "uv": [ 0.0, 5.0, 10.0, 6.0 ] },
						"down": { "texture": "#metal", "uv": [ 0.0, 0.0, 10.0, 1.0 ] }
					},
					"children": [
						{
							"name": "blade2N",
							"from": [ 10.0, 0.01, 0.0 ],
							"to": [ 25.0, 0.21, 0.8 ],
							"rotationOrigin": [ 10.0, 0.1, 0.0 ],
							"rotationY": -1.0,
							"faces": {
								"north": { "texture": "#metal", "uv": [ 0.0, 14.5, 15.0, 15.0 ] },
								"east": { "texture": "#metal", "uv": [ 10.0, 7.5, 10.5, 8.0 ] },
								"south": { "texture": "#metal", "uv": [ 0.0, 6.0, 15.0, 6.5 ] },
								"up": { "texture": "#metal", "uv": [ 0.0, 12.5, 15.0, 13.0 ] },
								"down": { "texture": "#metal", "uv": [ 0.0, 8.0, 15.0, 8.5 ] }
							},
							"children": [
								{
									"name": "blade3N",
									"from": [ 15.0, 0.01, 0.0 ],
									"to": [ 22.0, 0.21, 0.7 ],
									"rotationOrigin": [ 15.0, 0.1, 0.0 ],
									"rotationY": -1.0,
									"faces": {
										"north": { "texture": "#metal", "uv": [ 6.5, 13.0, 13.5, 13.5 ] },
										"east": { "texture": "#metal", "uv": [ 9.0, 8.0, 9.5, 8.5 ] },
										"south": { "texture": "#metal", "uv": [ 6.5, 4.5, 13.5, 5.0 ] },
										"west": { "texture": "#metal", "uv": [ 6.0, 7.0, 6.5, 7.5 ] },
										"up": { "texture": "#metal", "uv": [ 5.0, 12.5, 12.0, 13.0 ] },
										"down": { "texture": "#metal", "uv": [ 4.0, 14.5, 11.0, 15.0 ] }
									}
								}
							]
						}
					]
				},
				{
					"name": "Tang",
					"from": [ -3.0, -0.45, 0.0 ],
					"to": [ 5.0, 0.18, 0.63 ],
					"rotationOrigin": [ -3.0, -0.45, 0.0 ],
					"rotationX": -45.0,
					"faces": {
						"north": { "texture": "#metal", "uv": [ 0.0, 0.0, 8.0, 0.5 ] },
						"east": { "texture": "#metal", "uv": [ 0.0, 0.0, 0.5, 0.5 ] },
						"south": { "texture": "#metal", "uv": [ 0.0, 0.0, 8.0, 0.5 ] },
						"west": { "texture": "#metal", "uv": [ 0.0, 0.0, 0.5, 0.5 ] },
						"up": { "texture": "#metal", "uv": [ 0.0, 0.0, 8.0, 0.5 ] },
						"down": { "texture": "#metal", "uv": [ 0.0, 0.0, 8.0, 0.5 ] }
					}
				}
			]
		}
	]}