{
	"editor": {
		"backDropShape": "entity/land/hooved/deer/elk/female",
		"collapsedPaths": "",
		"allAngles": false,
		"entityTextureMode": true
	},
	"textureWidth": 16,
	"textureHeight": 16,
	"textureSizes": {
		"metal": [16,16],
		"wood": [16,16],
		"handle": [16,16],
		"bismuthbronze": [16,16],
		"debarked/oak": [16,16],
		"blackbronze": [16,16]
	},
	"textures": {
		"plain": "game:block/leather/plain",
		"handle": "block/wood/debarked/acacia"
	},
	"elements": [
		{
			"name": "origin",
			"stepParentName": "RightFrontStorage",
			"from": [ 3.4, 7.8, 0.45 ],
			"to": [ 3.4, 9.4887, 0.45 ],
			"uv": [ 999.0, 999.0 ],
			"rotationOrigin": [ 3.22, 7.8, 0.86 ],
			"rotationX": 90.0,
			"rotationY": -35.0,
			"rotationZ": 5.0,
			"faces": {
			},
			"children": [
				{
					"name": "blade1",
					"from": [ 1.5, -0.76, 1.27 ],
					"to": [ 5.5, 0.54, 2.55 ],
					"autoUnwrap": false,
					"uv": [ 0.0, 6.0 ],
					"rotationOrigin": [ 3.5173, -0.7197, 1.9486 ],
					"rotationX": 180.0,
					"faces": {
						"north": { "texture": "#plain", "uv": [ 5.0, 6.0, 30.5, 7.0 ], "autoUv": false },
						"east": { "texture": "#plain", "uv": [ 2.5, 11.0, 4.5, 12.0 ], "autoUv": false },
						"south": { "texture": "#plain", "uv": [ 1.0, 1.5, 26.5, 2.5 ], "autoUv": false },
						"up": { "texture": "#plain", "uv": [ 5.0, 0.5, 30.5, 2.5 ], "autoUv": false },
						"down": { "texture": "#plain", "uv": [ 3.0, 6.0, 28.5, 8.0 ], "autoUv": false }
					},
					"children": [
						{
							"name": "Cube2",
							"from": [ -2.0, 0.35, -2.8 ],
							"to": [ -1.28, 0.95, -0.08 ],
							"uv": [ 5.5, 3.5 ],
							"rotationOrigin": [ -2.0, 0.0, -2.8 ],
							"rotationY": -5.0,
							"faces": {
								"north": { "texture": "#plain", "uv": [ 5.5, 5.0, 7.0, 6.0 ], "autoUv": false },
								"east": { "texture": "#plain", "uv": [ 7.0, 5.0, 8.5, 6.0 ], "autoUv": false },
								"south": { "texture": "#plain", "uv": [ 8.5, 5.0, 10.0, 6.0 ], "autoUv": false },
								"west": { "texture": "#plain", "uv": [ 10.0, 5.0, 11.5, 6.0 ], "autoUv": false },
								"up": { "texture": "#plain", "uv": [ 5.5, 0.5, 7.0, 2.0 ], "autoUv": false },
								"down": { "texture": "#plain", "uv": [ 5.5, 3.5, 7.0, 5.0 ], "autoUv": false }
							},
							"children": [
								{
									"name": "Cube4",
									"from": [ 0.0836, -0.55, 2.2883 ],
									"to": [ 0.7236, 1.16, 4.2083 ],
									"uv": [ 5.5, 3.5 ],
									"rotationOrigin": [ -0.3064, -1.35, 3.0383 ],
									"rotationY": -4.0,
									"faces": {
										"north": { "texture": "#plain", "uv": [ 5.5, 5.0, 7.0, 6.0 ], "autoUv": false },
										"east": { "texture": "#plain", "uv": [ 7.0, 5.0, 8.5, 6.0 ], "autoUv": false },
										"south": { "texture": "#plain", "uv": [ 8.5, 5.0, 10.0, 6.0 ], "autoUv": false },
										"west": { "texture": "#plain", "uv": [ 10.0, 5.0, 11.5, 6.0 ], "autoUv": false },
										"up": { "texture": "#plain", "uv": [ 5.5, 0.5, 7.0, 2.0 ], "autoUv": false },
										"down": { "texture": "#plain", "uv": [ 5.5, 3.5, 7.0, 5.0 ], "autoUv": false }
									}
								}
							]
						},
						{
							"name": "Cube3",
							"from": [ 0.6, 0.7, 0.74 ],
							"to": [ 1.6, 1.13, 3.99 ],
							"uv": [ 0.0, 0.0 ],
							"rotationOrigin": [ 0.64, 0.7, 1.05 ],
							"rotationX": 25.0,
							"rotationY": -6.0,
							"faces": {
								"north": { "texture": "#plain", "uv": [ 0.0, 3.5, 1.0, 4.0 ], "autoUv": false },
								"east": { "texture": "#plain", "uv": [ 1.0, 3.5, 4.5, 4.0 ], "autoUv": false },
								"south": { "texture": "#plain", "uv": [ 4.5, 3.5, 5.5, 4.0 ], "autoUv": false },
								"west": { "texture": "#plain", "uv": [ 5.5, 3.5, 9.0, 4.0 ], "autoUv": false },
								"up": { "texture": "#plain", "uv": [ 0.0, 0.0, 1.0, 3.5 ], "autoUv": false },
								"down": { "texture": "#plain", "uv": [ 1.0, 0.0, 2.0, 3.5 ], "autoUv": false }
							}
						},
						{
							"name": "Cube5",
							"from": [ 5.0, 0.35, -1.8 ],
							"to": [ 5.72, 0.95, -0.08 ],
							"uv": [ 5.5, 3.5 ],
							"rotationOrigin": [ 5.0, 0.0, -1.8 ],
							"rotationY": -5.0,
							"faces": {
								"north": { "texture": "#plain", "uv": [ 5.5, 5.0, 7.0, 6.0 ], "autoUv": false },
								"east": { "texture": "#plain", "uv": [ 7.0, 5.0, 8.5, 6.0 ], "autoUv": false },
								"south": { "texture": "#plain", "uv": [ 8.5, 5.0, 10.0, 6.0 ], "autoUv": false },
								"west": { "texture": "#plain", "uv": [ 10.0, 5.0, 11.5, 6.0 ], "autoUv": false },
								"up": { "texture": "#plain", "uv": [ 5.5, 0.5, 7.0, 2.0 ], "autoUv": false },
								"down": { "texture": "#plain", "uv": [ 5.5, 3.5, 7.0, 5.0 ], "autoUv": false }
							},
							"children": [
								{
									"name": "Cube6",
									"from": [ -0.0035, -0.55, 1.2921 ],
									"to": [ 0.6365, 1.16, 3.2121 ],
									"uv": [ 5.5, 3.5 ],
									"rotationOrigin": [ -0.3935, -1.35, 2.0421 ],
									"rotationY": -4.0,
									"faces": {
										"north": { "texture": "#plain", "uv": [ 5.5, 5.0, 7.0, 6.0 ], "autoUv": false },
										"east": { "texture": "#plain", "uv": [ 7.0, 5.0, 8.5, 6.0 ], "autoUv": false },
										"south": { "texture": "#plain", "uv": [ 8.5, 5.0, 10.0, 6.0 ], "autoUv": false },
										"west": { "texture": "#plain", "uv": [ 10.0, 5.0, 11.5, 6.0 ], "autoUv": false },
										"up": { "texture": "#plain", "uv": [ 5.5, 0.5, 7.0, 2.0 ], "autoUv": false },
										"down": { "texture": "#plain", "uv": [ 5.5, 3.5, 7.0, 5.0 ], "autoUv": false }
									}
								}
							]
						},
						{
							"name": "Cube7",
							"from": [ 2.8, 0.55, 0.74 ],
							"to": [ 3.8, 0.98, 3.99 ],
							"uv": [ 0.0, 0.0 ],
							"rotationOrigin": [ 2.84, 0.7, 1.05 ],
							"rotationX": 20.0,
							"rotationY": -25.0,
							"faces": {
								"north": { "texture": "#plain", "uv": [ 0.0, 3.5, 1.0, 4.0 ], "autoUv": false },
								"east": { "texture": "#plain", "uv": [ 1.0, 3.5, 4.5, 4.0 ], "autoUv": false },
								"south": { "texture": "#plain", "uv": [ 4.5, 3.5, 5.5, 4.0 ], "autoUv": false },
								"west": { "texture": "#plain", "uv": [ 5.5, 3.5, 9.0, 4.0 ], "autoUv": false },
								"up": { "texture": "#plain", "uv": [ 0.0, 0.0, 1.0, 3.5 ], "autoUv": false },
								"down": { "texture": "#plain", "uv": [ 1.0, 0.0, 2.0, 3.5 ], "autoUv": false }
							}
						}
					]
				},
				{
					"name": "handle1",
					"from": [ -1.114, -1.9319, 1.5181 ],
					"to": [ 10.886, -0.8069, 2.6431 ],
					"uv": [ 0.0, 2.0 ],
					"rotationOrigin": [ 4.511, -1.9319, 2.0431 ],
					"rotationX": 180.0,
					"rotationZ": -180.0,
					"faces": {
						"north": { "texture": "#debarked/oak", "uv": [ 0.0, 11.5, 16.0, 13.0 ], "autoUv": false },
						"east": { "texture": "#debarked/oak", "uv": [ 7.0, 2.0, 8.5, 3.5 ], "autoUv": false },
						"south": { "texture": "#debarked/oak", "uv": [ 0.0, 13.5, 16.0, 15.0 ], "autoUv": false },
						"up": { "texture": "#debarked/oak", "uv": [ 0.0, 10.0, 16.0, 11.5 ], "autoUv": false },
						"down": { "texture": "#debarked/oak", "uv": [ 0.0, 7.5, 16.0, 9.0 ], "autoUv": false }
					},
					"children": [
						{
							"name": "handle2",
							"from": [ -9.75, 0.0, 0.0 ],
							"to": [ 0.0, 1.125, 1.125 ],
							"uv": [ 0.0, 0.0 ],
							"rotationOrigin": [ -1.5, 0.0, 0.0 ],
							"faces": {
								"north": { "texture": "#debarked/oak", "uv": [ 3.5, 2.0, 16.5, 3.5 ], "autoUv": false },
								"south": { "texture": "#debarked/oak", "uv": [ 0.0, 2.0, 13.0, 3.5 ], "autoUv": false },
								"west": { "texture": "#debarked/oak", "uv": [ 10.0, 5.0, 11.5, 6.5 ], "autoUv": false },
								"up": { "texture": "#debarked/oak", "uv": [ 1.5, 0.0, 14.5, 1.5 ], "autoUv": false },
								"down": { "texture": "#debarked/oak", "uv": [ 1.5, 13.5, 14.5, 15.0 ], "autoUv": false }
							}
						},
						{
							"name": "socket1",
							"from": [ 9.375, -0.15, -0.15 ],
							"to": [ 11.625, 1.275, 1.275 ],
							"uv": [ 0.0, 4.5 ],
							"rotationOrigin": [ 9.375, 0.5625, 0.5625 ],
							"faces": {
								"north": { "texture": "#blackbronze2", "uv": [ 5.0, 5.0, 8.0, 6.5 ], "autoUv": false },
								"east": { "texture": "#blackbronze2", "uv": [ 3.5, 4.5, 5.0, 6.0 ], "autoUv": false },
								"south": { "texture": "#blackbronze2", "uv": [ 9.5, 9.5, 12.5, 11.0 ], "autoUv": false },
								"west": { "texture": "#blackbronze2", "uv": [ 0.0, 5.0, 1.5, 6.5 ], "autoUv": false },
								"up": { "texture": "#blackbronze2", "uv": [ 9.5, 6.0, 12.5, 7.5 ], "autoUv": false },
								"down": { "texture": "#blackbronze2", "uv": [ 0.0, 14.0, 3.0, 15.5 ], "autoUv": false }
							},
							"children": [
								{
									"name": "bladeneck1",
									"from": [ 0.0, 0.4875, -2.25 ],
									"to": [ 2.25, 0.8625, 0.0 ],
									"uv": [ 0.5, 6.0 ],
									"rotationOrigin": [ 0.0, 0.675, 0.0 ],
									"faces": {
										"north": { "texture": "#blackbronze2", "uv": [ 2.0, 6.5, 5.0, 7.0 ], "autoUv": false },
										"east": { "texture": "#blackbronze2", "uv": [ 0.5, 11.5, 3.5, 12.0 ], "autoUv": false },
										"west": { "texture": "#blackbronze2", "uv": [ 6.0, 9.5, 9.0, 10.0 ], "autoUv": false },
										"up": { "texture": "#blackbronze2", "uv": [ 7.0, 6.5, 10.0, 9.5 ], "autoUv": false },
										"down": { "texture": "#blackbronze2", "uv": [ 7.5, 6.0, 10.5, 9.0 ], "autoUv": false }
									},
									"children": [
										{
											"name": "blademiddle",
											"from": [ -0.3937, -0.06, -1.575 ],
											"to": [ 2.7562, 0.44, 0.3937 ],
											"uv": [ 4.0, 5.5 ],
											"rotationOrigin": [ 0.0, 0.1575, 0.0 ],
											"faces": {
												"north": { "texture": "#plain", "uv": [ 8.5, 6.0, 12.5, 6.5 ], "autoUv": false },
												"east": { "texture": "#plain", "uv": [ 9.0, 8.5, 11.5, 9.0 ], "autoUv": false },
												"south": { "texture": "#plain", "uv": [ 8.0, 13.5, 12.0, 14.0 ], "autoUv": false },
												"west": { "texture": "#plain", "uv": [ 4.0, 15.0, 6.5, 15.5 ], "autoUv": false },
												"up": { "texture": "#plain", "uv": [ 5.5, 6.5, 9.5, 9.0 ], "autoUv": false },
												"down": { "texture": "#plain", "uv": [ 7.5, 5.5, 11.5, 8.0 ], "autoUv": false }
											},
											"children": [
												{
													"name": "bladebeard1",
													"from": [ -3.15, 0.0, 0.0 ],
													"to": [ 0.0, 0.5, 1.9687 ],
													"uv": [ 7.5, 3.0 ],
													"rotationOrigin": [ 0.0, 0.0787, 0.0 ],
													"rotationY": 10.0,
													"rotationZ": 1.0,
													"faces": {
														"north": { "texture": "#plain", "uv": [ 7.5, 14.0, 11.5, 14.5 ], "autoUv": false },
														"east": { "texture": "#plain", "uv": [ 8.0, 11.0, 10.5, 11.5 ], "autoUv": false },
														"south": { "texture": "#plain", "uv": [ 8.5, 3.0, 12.5, 3.5 ], "autoUv": false },
														"west": { "texture": "#plain", "uv": [ 9.0, 4.0, 11.5, 4.5 ], "autoUv": false },
														"up": { "texture": "#plain", "uv": [ 7.5, 11.5, 11.5, 14.0 ], "autoUv": false },
														"down": { "texture": "#plain", "uv": [ 11.5, 9.5, 15.5, 12.0 ], "autoUv": false }
													},
													"children": [
														{
															"name": "bladebeard2",
															"from": [ -3.15, 0.0, 0.0 ],
															"to": [ 0.0, 0.5, 1.89 ],
															"uv": [ 1.0, 0.5 ],
															"rotationOrigin": [ 0.0, 0.0, 0.0 ],
															"rotationY": 15.0,
															"rotationZ": -1.0,
															"faces": {
																"north": { "texture": "#plain", "uv": [ 8.5, 11.5, 12.5, 12.0 ], "autoUv": false },
																"south": { "texture": "#plain", "uv": [ 1.0, 13.5, 5.0, 14.0 ], "autoUv": false },
																"west": { "texture": "#plain", "uv": [ 7.5, 4.0, 9.5, 4.5 ], "autoUv": false },
																"up": { "texture": "#plain", "uv": [ 5.0, 0.5, 9.0, 2.5 ], "autoUv": false },
																"down": { "texture": "#plain", "uv": [ 4.0, 11.5, 8.0, 13.5 ], "autoUv": false }
															},
															"children": [
																{
																	"name": "bladebeard3",
																	"from": [ -2.3625, 0.0, 0.0 ],
																	"to": [ 0.0, 0.5, 1.1812 ],
																	"uv": [ 0.0, 1.0 ],
																	"rotationOrigin": [ 0.0, 0.0787, 0.0 ],
																	"rotationY": 22.5,
																	"rotationZ": 1.0,
																	"faces": {
																		"north": { "texture": "#plain", "uv": [ 11.5, 4.5, 14.5, 5.0 ], "autoUv": false },
																		"east": { "texture": "#plain", "uv": [ 11.0, 1.0, 12.5, 1.5 ], "autoUv": false },
																		"south": { "texture": "#plain", "uv": [ 0.0, 2.5, 3.0, 3.0 ], "autoUv": false },
																		"west": { "texture": "#plain", "uv": [ 3.0, 2.5, 4.5, 3.0 ], "autoUv": false },
																		"up": { "texture": "#plain", "uv": [ 7.5, 12.0, 10.5, 13.5 ], "autoUv": false },
																		"down": { "texture": "#plain", "uv": [ 10.5, 1.5, 13.5, 3.0 ], "autoUv": false }
																	}
																}
															]
														}
													]
												},
												{
													"name": "bladehorn1",
													"from": [ 3.15, 0.0, 0.0 ],
													"to": [ 5.5125, 0.5, 1.575 ],
													"uv": [ 0.5, 1.0 ],
													"rotationOrigin": [ 3.15, 0.0787, 0.0 ],
													"rotationY": -15.0,
													"rotationZ": 1.0,
													"faces": {
														"north": { "texture": "#plain", "uv": [ 10.5, 10.0, 13.5, 10.5 ], "autoUv": false },
														"east": { "texture": "#plain", "uv": [ 6.5, 9.5, 8.5, 10.0 ], "autoUv": false },
														"south": { "texture": "#plain", "uv": [ 10.5, 2.0, 13.5, 2.5 ], "autoUv": false },
														"up": { "texture": "#plain", "uv": [ 0.5, 4.0, 3.5, 6.0 ], "autoUv": false },
														"down": { "texture": "#plain", "uv": [ 2.0, 1.0, 5.0, 3.0 ], "autoUv": false }
													},
													"children": [
														{
															"name": "bladehorn2",
															"from": [ 2.3625, 0.0, 0.0 ],
															"to": [ 3.9375, 0.5, 1.1812 ],
															"uv": [ 2.5, 3.5 ],
															"rotationOrigin": [ 2.3625, 0.0787, 0.0 ],
															"rotationY": -15.0,
															"rotationZ": -1.0,
															"faces": {
																"north": { "texture": "#plain", "uv": [ 12.5, 11.5, 14.5, 12.0 ], "autoUv": false },
																"east": { "texture": "#plain", "uv": [ 4.0, 12.5, 5.5, 13.0 ], "autoUv": false },
																"south": { "texture": "#plain", "uv": [ 2.5, 7.5, 4.5, 8.0 ], "autoUv": false },
																"up": { "texture": "#plain", "uv": [ 11.5, 7.0, 13.5, 8.5 ], "autoUv": false },
																"down": { "texture": "#plain", "uv": [ 11.0, 3.5, 13.0, 5.0 ], "autoUv": false }
															},
															"children": [
																{
																	"name": "bladehorn3",
																	"from": [ 1.575, 0.0, 0.0 ],
																	"to": [ 3.15, 0.5, 0.7875 ],
																	"uv": [ 0.5, 0.5 ],
																	"rotationOrigin": [ 1.575, 0.0787, 0.0 ],
																	"rotationY": -15.0,
																	"rotationZ": 1.0,
																	"faces": {
																		"north": { "texture": "#plain", "uv": [ 9.5, 4.0, 11.5, 4.5 ], "autoUv": false },
																		"east": { "texture": "#plain", "uv": [ 6.0, 6.0, 7.0, 6.5 ], "autoUv": false },
																		"south": { "texture": "#plain", "uv": [ 8.0, 1.5, 10.0, 2.0 ], "autoUv": false },
																		"up": { "texture": "#plain", "uv": [ 3.5, 3.5, 5.5, 4.5 ], "autoUv": false },
																		"down": { "texture": "#plain", "uv": [ 0.5, 0.5, 2.5, 1.5 ], "autoUv": false }
																	}
																}
															]
														}
													]
												}
											]
										}
									]
								}
							]
						},
						{
							"name": "socket2",
							"from": [ 2.25, -0.15, -0.15 ],
							"to": [ 4.5, 1.275, 1.275 ],
							"uv": [ 3.0, 1.5 ],
							"rotationOrigin": [ 3.0, 0.0, 0.0 ],
							"faces": {
								"north": { "texture": "#blackbronze2", "uv": [ 10.5, 2.0, 13.5, 3.5 ], "autoUv": false },
								"east": { "texture": "#blackbronze2", "uv": [ 9.5, 7.5, 11.0, 9.0 ], "autoUv": false },
								"south": { "texture": "#blackbronze2", "uv": [ 7.0, 3.5, 10.0, 5.0 ], "autoUv": false },
								"west": { "texture": "#blackbronze2", "uv": [ 3.0, 9.5, 4.5, 11.0 ], "autoUv": false },
								"up": { "texture": "#blackbronze2", "uv": [ 4.5, 3.5, 7.5, 5.0 ], "autoUv": false },
								"down": { "texture": "#blackbronze2", "uv": [ 5.0, 1.5, 8.0, 3.0 ], "autoUv": false }
							},
							"children": [
								{
									"name": "bladeneck2",
									"from": [ 0.75, 0.4875, -1.5 ],
									"to": [ 2.25, 0.8625, 0.0 ],
									"uv": [ 0.5, 0.5 ],
									"rotationOrigin": [ 0.75, 0.675, 0.0 ],
									"faces": {
										"north": { "texture": "#blackbronze2", "uv": [ 3.5, 9.5, 5.5, 10.0 ], "autoUv": false },
										"east": { "texture": "#blackbronze2", "uv": [ 12.5, 7.0, 14.5, 7.5 ], "autoUv": false },
										"west": { "texture": "#blackbronze2", "uv": [ 0.5, 0.5, 2.5, 1.0 ], "autoUv": false },
										"up": { "texture": "#blackbronze2", "uv": [ 2.0, 12.5, 4.0, 14.5 ], "autoUv": false },
										"down": { "texture": "#blackbronze2", "uv": [ 2.5, 6.5, 4.5, 8.5 ], "autoUv": false }
									}
								}
							]
						}
					]
				}
			]
		}
	]}