{
	"editor": {
		"backDropShape": "entity/land/hooved/deer/elk/female",
		"collapsedPaths": ",Root/origin/handle",
		"allAngles": false,
		"entityTextureMode": true
	},
	"textureWidth": 16,
	"textureHeight": 16,
	"textureSizes": {
		"metal": [16,16],
		"wood": [16,16],
		"handle": [16,16],
		"bismuthbronze": [16,16],
		"debarked/oak": [16,16],
		"blackbronze": [16,16],
		"iron": [16,16]
	},
	"textures": {
		"plain": "game:block/leather/plain",
		"handle": "block/wood/debarked/acacia"
	},
	"elements": [
		{
			"name": "origin",
			"stepParentName": "RightFrontStorage",
			"from": [ 3.55, 6.75, -2.0 ],
			"to": [ 3.55, 8.4387, -2.0 ],
			"uv": [ 999.0, 999.0 ],
			"rotationOrigin": [ 3.62, 6.7, -0.3399 ],
			"rotationX": 90.0,
			"rotationY": -45.0,
			"rotationZ": 8.0,
			"faces": {
			},
			"children": [
				{
					"name": "blade1",
					"from": [ 2.5, 0.14, 1.62 ],
					"to": [ 4.5, 1.57, 2.92 ],
					"autoUnwrap": false,
					"uv": [ 0.0, 6.0 ],
					"rotationOrigin": [ 4.5173, 0.2803, 1.9486 ],
					"rotationX": 180.0,
					"faces": {
						"north": { "texture": "#plain", "uv": [ 5.0, 6.0, 30.5, 7.0 ], "autoUv": false },
						"east": { "texture": "#plain", "uv": [ 2.5, 11.0, 4.5, 12.0 ], "autoUv": false },
						"south": { "texture": "#plain", "uv": [ 1.0, 1.5, 26.5, 2.5 ], "autoUv": false },
						"up": { "texture": "#plain", "uv": [ 5.0, 0.5, 30.5, 2.5 ], "autoUv": false },
						"down": { "texture": "#plain", "uv": [ 3.0, 6.0, 28.5, 8.0 ], "autoUv": false }
					},
					"children": [
						{
							"name": "Cube3",
							"from": [ 0.3443, 0.5962, 0.5299 ],
							"to": [ 1.3443, 1.0262, 4.4299 ],
							"uv": [ 0.0, 0.0 ],
							"rotationOrigin": [ 0.3843, 0.7962, 1.1599 ],
							"rotationX": 40.0,
							"rotationY": -35.0,
							"faces": {
								"north": { "texture": "#plain", "uv": [ 0.0, 3.5, 1.0, 4.0 ], "autoUv": false },
								"east": { "texture": "#plain", "uv": [ 1.0, 3.5, 4.5, 4.0 ], "autoUv": false },
								"south": { "texture": "#plain", "uv": [ 4.5, 3.5, 5.5, 4.0 ], "autoUv": false },
								"west": { "texture": "#plain", "uv": [ 5.5, 3.5, 9.0, 4.0 ], "autoUv": false },
								"up": { "texture": "#plain", "uv": [ 0.0, 0.0, 1.0, 3.5 ], "autoUv": false },
								"down": { "texture": "#plain", "uv": [ 1.0, 0.0, 2.0, 3.5 ], "autoUv": false }
							}
						}
					]
				},
				{
					"name": "handle",
					"from": [ 5.5627, -0.886, 1.0053 ],
					"to": [ 18.3627, 0.314, 2.2053 ],
					"uv": [ 0.0, 3.5 ],
					"rotationOrigin": [ 7.9627, -0.286, 1.6053 ],
					"rotationX": -178.6154,
					"rotationY": -0.0983,
					"rotationZ": 179.88,
					"faces": {
						"north": { "texture": "#handle", "uv": [ 0.0, 8.0, 16.0, 9.5 ], "autoUv": false },
						"south": { "texture": "#handle", "uv": [ 0.0, 3.5, 16.0, 5.0 ], "autoUv": false },
						"up": { "texture": "#handle", "uv": [ 0.0, 9.0, 16.0, 10.5 ], "autoUv": false },
						"down": { "texture": "#handle", "uv": [ 0.0, 11.5, 16.0, 13.0 ], "autoUv": false }
					},
					"children": [
						{
							"name": "socket",
							"from": [ 12.8, -0.16, -0.16 ],
							"to": [ 14.4, 1.36, 1.36 ],
							"uv": [ 2.0, 2.5 ],
							"rotationOrigin": [ 12.8, 0.6, 0.6 ],
							"faces": {
								"north": { "texture": "#blackbronze", "uv": [ 13.5, 14.0, 15.5, 15.5 ], "autoUv": false },
								"east": { "texture": "#blackbronze", "uv": [ 2.0, 3.5, 3.5, 5.0 ], "autoUv": false },
								"south": { "texture": "#blackbronze", "uv": [ 3.5, 4.5, 5.5, 6.0 ], "autoUv": false },
								"west": { "texture": "#blackbronze", "uv": [ 8.5, 2.5, 10.0, 4.0 ], "autoUv": false },
								"up": { "texture": "#blackbronze", "uv": [ 8.5, 14.0, 10.5, 15.5 ], "autoUv": false },
								"down": { "texture": "#blackbronze", "uv": [ 5.5, 11.5, 7.5, 13.0 ], "autoUv": false }
							},
							"children": [
								{
									"name": "reinforcement",
									"from": [ -7.2, 0.08, 0.6 ],
									"to": [ 0.0, 1.44, 1.0 ],
									"uv": [ 2.0, 0.0 ],
									"rotationOrigin": [ 0.0, 0.88, 0.76 ],
									"faces": {
										"north": { "texture": "#blackbronze", "uv": [ 2.0, 0.0, 11.0, 1.5 ], "autoUv": false },
										"east": { "texture": "#blackbronze", "uv": [ 5.0, 2.0, 5.5, 3.5 ], "autoUv": false },
										"south": { "texture": "#blackbronze", "uv": [ 5.5, 13.5, 14.5, 15.0 ], "autoUv": false },
										"west": { "texture": "#blackbronze", "uv": [ 11.5, 8.5, 12.0, 10.0 ], "autoUv": false },
										"up": { "texture": "#blackbronze", "uv": [ 6.5, 14.5, 15.5, 15.0 ], "autoUv": false },
										"down": { "texture": "#blackbronze", "uv": [ 4.5, 12.5, 13.5, 13.0 ], "autoUv": false }
									}
								},
								{
									"name": "shaft",
									"from": [ 0.4, 0.32, -0.8 ],
									"to": [ 1.2, 1.12, 2.4 ],
									"uv": [ 5.0, 0.0 ],
									"rotationOrigin": [ 0.8, 0.72, 0.8 ],
									"faces": {
										"north": { "texture": "#blackbronze", "uv": [ 10.5, 13.5, 11.5, 14.5 ], "autoUv": false },
										"east": { "texture": "#blackbronze", "uv": [ 7.5, 0.0, 11.5, 1.0 ], "autoUv": false },
										"south": { "texture": "#blackbronze", "uv": [ 11.5, 8.5, 12.5, 9.5 ], "autoUv": false },
										"west": { "texture": "#blackbronze", "uv": [ 9.5, 11.5, 13.5, 12.5 ], "autoUv": false },
										"up": { "texture": "#blackbronze", "uv": [ 5.0, 3.5, 6.0, 7.5 ], "autoUv": false },
										"down": { "texture": "#blackbronze", "uv": [ 8.0, 0.5, 9.0, 4.5 ], "autoUv": false }
									},
									"children": [
										{
											"name": "head",
											"from": [ -0.4, -0.4, -1.2 ],
											"to": [ 1.2, 1.2, 0.0 ],
											"uv": [ 1.0, 5.0 ],
											"rotationOrigin": [ 0.4, 0.4, 0.0 ],
											"faces": {
												"north": { "texture": "#blackbronze", "uv": [ 2.5, 13.0, 4.5, 15.0 ], "autoUv": false },
												"east": { "texture": "#blackbronze", "uv": [ 3.0, 9.5, 4.5, 11.5 ], "autoUv": false },
												"south": { "texture": "#blackbronze", "uv": [ 3.5, 9.5, 5.5, 11.5 ], "autoUv": false },
												"west": { "texture": "#blackbronze", "uv": [ 1.5, 5.0, 3.0, 7.0 ], "autoUv": false },
												"up": { "texture": "#blackbronze", "uv": [ 1.0, 13.0, 3.0, 14.5 ], "autoUv": false },
												"down": { "texture": "#blackbronze", "uv": [ 8.5, 11.5, 10.5, 13.0 ], "autoUv": false }
											},
											"children": [
												{
													"name": "end",
													"from": [ 0.16, 0.16, -0.4 ],
													"to": [ 1.44, 1.44, 0.0 ],
													"uv": [ 1.0, 2.5 ],
													"rotationOrigin": [ 0.8, 0.8, 0.0 ],
													"faces": {
														"north": { "texture": "#blackbronze", "uv": [ 1.0, 3.0, 2.5, 4.5 ], "autoUv": false },
														"east": { "texture": "#blackbronze", "uv": [ 14.0, 5.0, 14.5, 6.5 ], "autoUv": false },
														"west": { "texture": "#blackbronze", "uv": [ 2.0, 10.5, 2.5, 12.0 ], "autoUv": false },
														"up": { "texture": "#blackbronze", "uv": [ 5.0, 13.5, 6.5, 14.0 ], "autoUv": false },
														"down": { "texture": "#blackbronze", "uv": [ 10.5, 2.5, 12.0, 3.0 ], "autoUv": false }
													}
												},
												{
													"name": "tenderizer1",
													"from": [ 0.24, 0.24, -0.56 ],
													"to": [ 1.36, 1.36, 0.56 ],
													"uv": [ 5.0, 0.0 ],
													"rotationOrigin": [ 0.88, 0.8, 0.0 ],
													"rotationX": -45.0,
													"faces": {
														"north": { "texture": "#blackbronze", "uv": [ 8.0, 4.0, 9.0, 5.0 ], "autoUv": false },
														"east": { "texture": "#blackbronze", "uv": [ 5.0, 6.0, 6.0, 7.0 ], "autoUv": false },
														"west": { "texture": "#blackbronze", "uv": [ 12.5, 6.5, 13.5, 7.5 ], "autoUv": false },
														"up": { "texture": "#blackbronze", "uv": [ 11.0, 0.0, 12.0, 1.0 ], "autoUv": false }
													}
												},
												{
													"name": "tenderizer2",
													"from": [ 0.24, 0.24, -0.48 ],
													"to": [ 1.36, 1.36, 0.64 ],
													"uv": [ 2.5, 3.5 ],
													"rotationOrigin": [ 0.8, 0.8, 0.08 ],
													"rotationY": -45.0,
													"faces": {
														"north": { "texture": "#blackbronze", "uv": [ 2.5, 13.5, 3.5, 14.5 ], "autoUv": false },
														"east": { "texture": "#blackbronze", "uv": [ 2.5, 3.5, 3.5, 4.5 ], "autoUv": false },
														"west": { "texture": "#blackbronze", "uv": [ 8.0, 5.0, 9.0, 6.0 ], "autoUv": false },
														"up": { "texture": "#blackbronze", "uv": [ 13.5, 6.5, 14.5, 7.5 ], "autoUv": false }
													}
												}
											]
										},
										{
											"name": "spike1",
											"from": [ 0.0, 0.0, 3.12 ],
											"to": [ 0.8, 0.8, 4.32 ],
											"uv": [ 1.5, 1.0 ],
											"rotationOrigin": [ 0.4, 0.4, 3.12 ],
											"rotationX": 1.0,
											"rotationY": -10.0,
											"faces": {
												"east": { "texture": "#blackbronze", "uv": [ 11.0, 14.5, 12.5, 15.5 ], "autoUv": false },
												"south": { "texture": "#blackbronze", "uv": [ 5.0, 4.0, 6.0, 5.0 ], "autoUv": false },
												"west": { "texture": "#blackbronze", "uv": [ 12.5, 8.0, 14.0, 9.0 ], "autoUv": false },
												"up": { "texture": "#blackbronze", "uv": [ 5.0, 1.0, 6.0, 2.5 ], "autoUv": false },
												"down": { "texture": "#blackbronze", "uv": [ 1.5, 6.5, 2.5, 8.0 ], "autoUv": false }
											},
											"children": [
												{
													"name": "spike2",
													"from": [ 0.0, 0.0, 1.04 ],
													"to": [ 0.8, 0.8, 2.64 ],
													"uv": [ 3.5, 3.0 ],
													"rotationOrigin": [ 0.4, 0.4, 1.04 ],
													"rotationX": -1.0,
													"rotationY": -15.0,
													"faces": {
														"east": { "texture": "#blackbronze", "uv": [ 10.0, 14.5, 12.0, 15.5 ], "autoUv": false },
														"south": { "texture": "#blackbronze", "uv": [ 13.5, 12.0, 14.5, 13.0 ], "autoUv": false },
														"west": { "texture": "#blackbronze", "uv": [ 6.0, 3.0, 8.0, 4.0 ], "autoUv": false },
														"up": { "texture": "#blackbronze", "uv": [ 10.0, 5.0, 11.0, 7.0 ], "autoUv": false },
														"down": { "texture": "#blackbronze", "uv": [ 3.5, 11.5, 4.5, 13.5 ], "autoUv": false }
													},
													"children": [
														{
															"name": "point2",
															"from": [ 0.0, 0.16, 1.6 ],
															"to": [ 0.4, 0.64, 2.4 ],
															"uv": [ 8.5, 0.5 ],
															"rotationOrigin": [ 0.0, 0.4, 1.6 ],
															"rotationY": 22.5,
															"faces": {
																"east": { "texture": "#blackbronze", "uv": [ 8.5, 11.0, 9.5, 11.5 ], "autoUv": false },
																"west": { "texture": "#blackbronze", "uv": [ 14.0, 0.5, 15.0, 1.0 ], "autoUv": false },
																"up": { "texture": "#blackbronze", "uv": [ 10.5, 9.0, 11.0, 10.0 ], "autoUv": false },
																"down": { "texture": "#blackbronze", "uv": [ 9.0, 9.5, 9.5, 10.5 ], "autoUv": false }
															}
														},
														{
															"name": "point1",
															"from": [ 0.4, 0.08, 1.6 ],
															"to": [ 0.8, 0.72, 2.4 ],
															"uv": [ 5.0, 2.5 ],
															"rotationOrigin": [ 0.8, 0.4, 1.6 ],
															"rotationY": -8.0,
															"faces": {
																"east": { "texture": "#blackbronze", "uv": [ 9.5, 12.0, 10.5, 12.5 ], "autoUv": false },
																"south": { "texture": "#blackbronze", "uv": [ 12.0, 13.5, 12.5, 14.0 ], "autoUv": false },
																"west": { "texture": "#blackbronze", "uv": [ 5.0, 4.0, 6.0, 4.5 ], "autoUv": false },
																"up": { "texture": "#blackbronze", "uv": [ 9.0, 13.5, 9.5, 14.5 ], "autoUv": false },
																"down": { "texture": "#blackbronze", "uv": [ 10.5, 2.5, 11.0, 3.5 ], "autoUv": false }
															}
														}
													]
												}
											]
										}
									]
								}
							]
						},
						{
							"name": "handle2",
							"from": [ -4.0, 0.0, 0.0 ],
							"to": [ 0.0, 1.2, 1.2 ],
							"uv": [ 1.0, 1.0 ],
							"rotationOrigin": [ 0.0, 0.6, 0.6 ],
							"faces": {
								"north": { "texture": "#handle", "uv": [ 5.0, 12.5, 10.0, 14.0 ], "autoUv": false },
								"south": { "texture": "#handle", "uv": [ 6.0, 6.0, 11.0, 7.5 ], "autoUv": false },
								"west": { "texture": "#handle", "uv": [ 1.0, 11.0, 2.5, 12.5 ], "autoUv": false },
								"up": { "texture": "#handle", "uv": [ 3.5, 1.0, 8.5, 2.5 ], "autoUv": false },
								"down": { "texture": "#handle", "uv": [ 10.0, 10.0, 15.0, 11.5 ], "autoUv": false }
							}
						}
					]
				}
			]
		}
	]}