{
	"editor": {
		"backDropShape": "entity/land/hooved/deer/elk/female",
		"collapsedPaths": "",
		"allAngles": false,
		"entityTextureMode": true
	},
	"textureWidth": 16,
	"textureHeight": 16,
	"textureSizes": {
		"metal": [16,16],
		"wood": [16,16],
		"handle": [16,16],
		"blackbronze": [16,16]
	},
	"textures": {
		"plain": "game:block/leather/plain",
		"handle": "block/wood/debarked/acacia"
	},
	"elements": [
		{
			"name": "origin",
			"stepParentName": "LeftFrontStorage",
			"from": [ 0.4, 7.55, 1.4 ],
			"to": [ 0.4, 9.2387, 1.4 ],
			"uv": [ 999.0, 999.0 ],
			"rotationOrigin": [ 0.223, 7.5571, 1.6601 ],
			"rotationX": 85.0,
			"rotationY": -25.0,
			"rotationZ": -4.0,
			"faces": {
			},
			"children": [
				{
					"name": "blade1",
					"from": [ 3.0951, 0.2803, -0.85 ],
					"to": [ 8.0951, 0.8431, 0.65 ],
					"autoUnwrap": false,
					"uv": [ 0.0, 6.0 ],
					"rotationOrigin": [ 3.5173, 0.2803, -0.0514 ],
					"rotationX": 180.0,
					"faces": {
						"north": { "texture": "#plain", "uv": [ 5.0, 6.0, 30.5, 7.0 ], "autoUv": false },
						"east": { "texture": "#plain", "uv": [ 2.5, 11.0, 4.5, 12.0 ], "autoUv": false },
						"south": { "texture": "#plain", "uv": [ 1.0, 1.5, 26.5, 2.5 ], "autoUv": false },
						"up": { "texture": "#plain", "uv": [ 5.0, 0.5, 30.5, 2.5 ], "autoUv": false },
						"down": { "texture": "#plain", "uv": [ 3.0, 6.0, 28.5, 8.0 ], "autoUv": false }
					},
					"children": [
						{
							"name": "Cube2",
							"from": [ 21.97, -0.02, 0.31 ],
							"to": [ 22.59, 0.58, 0.93 ],
							"uv": [ 5.5, 3.5 ],
							"rotationOrigin": [ 21.97, 0.0, 0.31 ],
							"rotationY": -45.0,
							"faces": {
								"north": { "texture": "#plain", "uv": [ 5.5, 5.0, 7.0, 6.0 ], "autoUv": false },
								"east": { "texture": "#plain", "uv": [ 7.0, 5.0, 8.5, 6.0 ], "autoUv": false },
								"south": { "texture": "#plain", "uv": [ 8.5, 5.0, 10.0, 6.0 ], "autoUv": false },
								"west": { "texture": "#plain", "uv": [ 10.0, 5.0, 11.5, 6.0 ], "autoUv": false },
								"up": { "texture": "#plain", "uv": [ 5.5, 0.5, 7.0, 2.0 ], "autoUv": false },
								"down": { "texture": "#plain", "uv": [ 5.5, 3.5, 7.0, 5.0 ], "autoUv": false }
							}
						},
						{
							"name": "Cube3",
							"from": [ 1.8, 0.394, 1.1258 ],
							"to": [ 2.65, 0.644, 3.0959 ],
							"uv": [ 0.0, 0.0 ],
							"rotationOrigin": [ 1.8443, 0.394, 1.1258 ],
							"rotationX": -13.0,
							"faces": {
								"north": { "texture": "#plain", "uv": [ 0.0, 3.5, 1.0, 4.0 ], "autoUv": false },
								"east": { "texture": "#plain", "uv": [ 1.0, 3.5, 4.5, 4.0 ], "autoUv": false },
								"south": { "texture": "#plain", "uv": [ 4.5, 3.5, 5.5, 4.0 ], "autoUv": false },
								"west": { "texture": "#plain", "uv": [ 5.5, 3.5, 9.0, 4.0 ], "autoUv": false },
								"up": { "texture": "#plain", "uv": [ 0.0, 0.0, 1.0, 3.5 ], "autoUv": false },
								"down": { "texture": "#plain", "uv": [ 1.0, 0.0, 2.0, 3.5 ], "autoUv": false }
							}
						},
						{
							"name": "Cube4",
							"from": [ 5.8, 0.39, 1.13 ],
							"to": [ 6.65, 0.64, 3.1001 ],
							"uv": [ 0.0, 0.0 ],
							"rotationOrigin": [ 5.8443, 0.394, 1.1258 ],
							"rotationX": -13.0,
							"faces": {
								"north": { "texture": "#plain", "uv": [ 0.0, 3.5, 1.0, 4.0 ], "autoUv": false },
								"east": { "texture": "#plain", "uv": [ 1.0, 3.5, 4.5, 4.0 ], "autoUv": false },
								"south": { "texture": "#plain", "uv": [ 4.5, 3.5, 5.5, 4.0 ], "autoUv": false },
								"west": { "texture": "#plain", "uv": [ 5.5, 3.5, 9.0, 4.0 ], "autoUv": false },
								"up": { "texture": "#plain", "uv": [ 0.0, 0.0, 1.0, 3.5 ], "autoUv": false },
								"down": { "texture": "#plain", "uv": [ 1.0, 0.0, 2.0, 3.5 ], "autoUv": false }
							}
						}
					]
				},
				{
					"name": "blade2",
					"from": [ 8.05, 0.31, -0.84 ],
					"to": [ 25.05, 0.86, -0.09 ],
					"autoUnwrap": false,
					"uv": [ 0.0, 6.0 ],
					"rotationOrigin": [ 8.05, 0.29, -0.0514 ],
					"rotationX": 180.0,
					"rotationY": -1.0,
					"faces": {
						"north": { "texture": "#plain", "uv": [ 5.0, 6.0, 30.5, 7.0 ], "autoUv": false },
						"east": { "texture": "#plain", "uv": [ 2.5, 11.0, 4.5, 12.0 ], "autoUv": false },
						"south": { "texture": "#plain", "uv": [ 1.0, 1.5, 26.5, 2.5 ], "autoUv": false },
						"up": { "texture": "#plain", "uv": [ 5.0, 0.5, 30.5, 2.5 ], "autoUv": false },
						"down": { "texture": "#plain", "uv": [ 3.0, 6.0, 28.5, 8.0 ], "autoUv": false }
					}
				},
				{
					"name": "blade3",
					"from": [ 8.05, 0.33, -0.14 ],
					"to": [ 25.05, 0.88, 0.64 ],
					"autoUnwrap": false,
					"uv": [ 0.0, 6.0 ],
					"rotationOrigin": [ 8.05, 0.3, -0.0514 ],
					"rotationX": 180.0,
					"rotationY": 1.0,
					"faces": {
						"north": { "texture": "#plain", "uv": [ 5.0, 6.0, 30.5, 7.0 ], "autoUv": false },
						"east": { "texture": "#plain", "uv": [ 2.5, 11.0, 4.5, 12.0 ], "autoUv": false },
						"south": { "texture": "#plain", "uv": [ 1.0, 1.5, 26.5, 2.5 ], "autoUv": false },
						"up": { "texture": "#plain", "uv": [ 5.0, 0.5, 30.5, 2.5 ], "autoUv": false },
						"down": { "texture": "#plain", "uv": [ 3.0, 6.0, 28.5, 8.0 ], "autoUv": false }
					}
				},
				{
					"name": "blade4",
					"from": [ 3.0951, 0.27, -0.5 ],
					"to": [ 25.0951, 0.85, 0.25 ],
					"autoUnwrap": false,
					"uv": [ 0.0, 6.0 ],
					"rotationOrigin": [ 3.5173, 0.2803, -0.0514 ],
					"rotationX": 180.0,
					"faces": {
						"north": { "texture": "#plain", "uv": [ 5.0, 6.0, 30.5, 7.0 ], "autoUv": false },
						"east": { "texture": "#plain", "uv": [ 2.5, 11.0, 4.5, 12.0 ], "autoUv": false },
						"south": { "texture": "#plain", "uv": [ 1.0, 1.5, 26.5, 2.5 ], "autoUv": false },
						"up": { "texture": "#plain", "uv": [ 5.0, 0.5, 30.5, 2.5 ], "autoUv": false },
						"down": { "texture": "#plain", "uv": [ 3.0, 6.0, 28.5, 8.0 ], "autoUv": false }
					}
				},
				{
					"name": "handle",
					"from": [ -2.2017, -0.2808, -0.4435 ],
					"to": [ 2.3583, 0.2892, 0.4115 ],
					"uv": [ 0.0, 2.0 ],
					"rotationOrigin": [ 0.0783, 0.0042, -0.016 ],
					"rotationX": 180.0,
					"rotationY": 0.0,
					"rotationZ": 0.0,
					"faces": {
						"north": { "texture": "#handle", "uv": [ 1.0, 9.0, 9.0, 10.0 ], "autoUv": false },
						"south": { "texture": "#handle", "uv": [ 0.0, 2.0, 8.0, 3.0 ], "autoUv": false },
						"up": { "texture": "#handle", "uv": [ 3.5, 7.0, 11.5, 8.5 ], "autoUv": false },
						"down": { "texture": "#handle", "uv": [ 6.0, 10.5, 14.0, 12.0 ], "autoUv": false }
					},
					"children": [
						{
							"name": "pommel1",
							"from": [ -2.28, 0.0, 0.0 ],
							"to": [ 0.0, 0.57, 0.855 ],
							"uv": [ 0.5, 0.0 ],
							"rotationOrigin": [ 0.0, 0.285, 0.4275 ],
							"faces": {
								"north": { "texture": "#blackbronze", "uv": [ 11.0, 13.5, 15.0, 14.5 ], "autoUv": false },
								"south": { "texture": "#blackbronze", "uv": [ 7.5, 0.0, 11.5, 1.0 ], "autoUv": false },
								"west": { "texture": "#blackbronze", "uv": [ 8.0, 13.0, 9.5, 14.0 ], "autoUv": false },
								"up": { "texture": "#blackbronze", "uv": [ 0.5, 8.0, 4.5, 9.5 ], "autoUv": false },
								"down": { "texture": "#blackbronze", "uv": [ 6.5, 3.5, 10.5, 5.0 ], "autoUv": false }
							},
							"children": [
								{
									"name": "pommel2",
									"from": [ 0.57, -0.171, -0.114 ],
									"to": [ 1.482, 0.741, 0.969 ],
									"uv": [ 0.5, 1.0 ],
									"rotationOrigin": [ 1.026, 0.285, 0.4275 ],
									"faces": {
										"north": { "texture": "#blackbronze", "uv": [ 4.0, 1.0, 5.5, 2.5 ], "autoUv": false },
										"east": { "texture": "#blackbronze", "uv": [ 3.5, 11.5, 5.0, 13.0 ], "autoUv": false },
										"south": { "texture": "#blackbronze", "uv": [ 5.0, 7.0, 6.5, 8.5 ], "autoUv": false },
										"west": { "texture": "#blackbronze", "uv": [ 1.0, 11.0, 2.5, 12.5 ], "autoUv": false },
										"up": { "texture": "#blackbronze", "uv": [ 0.5, 1.5, 2.0, 3.0 ], "autoUv": false },
										"down": { "texture": "#blackbronze", "uv": [ 2.5, 6.5, 4.0, 8.0 ], "autoUv": false }
									}
								},
								{
									"name": "pommel3",
									"from": [ -0.57, 0.057, 0.1995 ],
									"to": [ 0.0, 0.513, 0.6555 ],
									"uv": [ 5.0, 0.0 ],
									"rotationOrigin": [ -0.57, 0.285, 0.4275 ],
									"faces": {
										"north": { "texture": "#blackbronze", "uv": [ 6.5, 11.5, 7.5, 12.0 ], "autoUv": false },
										"south": { "texture": "#blackbronze", "uv": [ 8.5, 0.0, 9.5, 0.5 ], "autoUv": false },
										"west": { "texture": "#blackbronze", "uv": [ 8.0, 15.0, 8.5, 15.5 ], "autoUv": false },
										"up": { "texture": "#blackbronze", "uv": [ 5.0, 5.0, 6.0, 5.5 ], "autoUv": false },
										"down": { "texture": "#blackbronze", "uv": [ 14.0, 11.5, 15.0, 12.0 ], "autoUv": false }
									}
								}
							]
						},
						{
							"name": "hilt",
							"from": [ 4.56, -0.114, -0.7125 ],
							"to": [ 5.244, 0.684, 1.5675 ],
							"uv": [ 0.5, 0.5 ],
							"rotationOrigin": [ 4.56, 0.285, 0.4275 ],
							"faces": {
								"north": { "texture": "#blackbronze", "uv": [ 1.5, 3.5, 2.5, 4.5 ], "autoUv": false },
								"east": { "texture": "#blackbronze", "uv": [ 6.5, 3.0, 10.5, 4.0 ], "autoUv": false },
								"south": { "texture": "#blackbronze", "uv": [ 0.5, 0.5, 1.5, 1.5 ], "autoUv": false },
								"west": { "texture": "#blackbronze", "uv": [ 7.5, 9.5, 11.5, 10.5 ], "autoUv": false },
								"up": { "texture": "#blackbronze", "uv": [ 12.0, 6.0, 13.0, 10.0 ], "autoUv": false },
								"down": { "texture": "#blackbronze", "uv": [ 11.5, 10.0, 12.5, 14.0 ], "autoUv": false }
							},
							"children": [
								{
									"name": "crossguard",
									"from": [ 0.114, 0.171, -1.425 ],
									"to": [ 0.57, 0.627, 3.705 ],
									"uv": [ 0.5, 1.0 ],
									"rotationOrigin": [ 0.342, 0.399, 1.14 ],
									"rotationZ": -45.0,
									"faces": {
										"east": { "texture": "#blackbronze", "uv": [ 0.5, 4.5, 9.5, 5.0 ], "autoUv": false },
										"west": { "texture": "#blackbronze", "uv": [ 3.0, 11.0, 12.0, 11.5 ], "autoUv": false },
										"up": { "texture": "#blackbronze", "uv": [ 2.0, 3.5, 2.5, 12.5 ], "autoUv": false },
										"down": { "texture": "#blackbronze", "uv": [ 1.5, 1.0, 2.0, 10.0 ], "autoUv": false }
									},
									"children": [
										{
											"name": "hiltcap1",
											"from": [ -0.057, -0.057, -0.57 ],
											"to": [ 0.513, 0.513, 0.0 ],
											"uv": [ 0.5, 1.5 ],
											"rotationOrigin": [ 0.228, 0.228, 0.0 ],
											"faces": {
												"north": { "texture": "#blackbronze", "uv": [ 13.0, 11.5, 14.0, 12.5 ], "autoUv": false },
												"east": { "texture": "#blackbronze", "uv": [ 13.0, 6.0, 14.0, 7.0 ], "autoUv": false },
												"south": { "texture": "#blackbronze", "uv": [ 8.5, 3.5, 9.5, 4.5 ], "autoUv": false },
												"west": { "texture": "#blackbronze", "uv": [ 1.5, 12.5, 2.5, 13.5 ], "autoUv": false },
												"up": { "texture": "#blackbronze", "uv": [ 0.5, 1.5, 1.5, 2.5 ], "autoUv": false },
												"down": { "texture": "#blackbronze", "uv": [ 13.5, 3.5, 14.5, 4.5 ], "autoUv": false }
											}
										},
										{
											"name": "hiltcap2",
											"from": [ -0.057, -0.057, 5.13 ],
											"to": [ 0.513, 0.513, 5.7 ],
											"uv": [ 1.5, 2.5 ],
											"rotationOrigin": [ 0.228, 0.228, 5.13 ],
											"faces": {
												"north": { "texture": "#blackbronze", "uv": [ 9.0, 9.5, 10.0, 10.5 ], "autoUv": false },
												"east": { "texture": "#blackbronze", "uv": [ 8.0, 5.0, 9.0, 6.0 ], "autoUv": false },
												"south": { "texture": "#blackbronze", "uv": [ 7.5, 12.5, 8.5, 13.5 ], "autoUv": false },
												"west": { "texture": "#blackbronze", "uv": [ 13.0, 2.5, 14.0, 3.5 ], "autoUv": false },
												"up": { "texture": "#blackbronze", "uv": [ 1.5, 4.0, 2.5, 5.0 ], "autoUv": false },
												"down": { "texture": "#blackbronze", "uv": [ 3.0, 11.0, 4.0, 12.0 ], "autoUv": false }
											}
										}
									]
								},
								{
									"name": "blademiddle1",
									"from": [ 0.684, 0.2565, 0.9975 ],
									"to": [ 7.804, 0.5415, 1.2825 ],
									"uv": [ 0.0, 3.5 ],
									"rotationOrigin": [ 0.684, 0.342, 1.14 ],
									"faces": {
										"up": { "texture": "#blackbronze", "uv": [ 0.0, 3.5, 16.0, 4.0 ], "autoUv": false },
										"down": { "texture": "#blackbronze", "uv": [ 0.0, 11.0, 16.0, 11.5 ], "autoUv": false }
									},
									"children": [
										{
											"name": "blade1S",
											"from": [ -0.057, 0.0855, 0.285 ],
											"to": [ 7.063, 0.1995, 0.855 ],
											"uv": [ 0.0, 0.0 ],
											"rotationOrigin": [ 0.0, 0.1425, 0.57 ],
											"rotationY": 0.5,
											"faces": {
												"east": { "texture": "#blackbronze", "uv": [ 7.0, 0.0, 8.0, 0.5 ], "autoUv": false },
												"south": { "texture": "#blackbronze", "uv": [ 0.0, 11.0, 16.0, 11.5 ], "autoUv": false },
												"up": { "texture": "#blackbronze", "uv": [ 0.0, 3.0, 16.0, 4.0 ], "autoUv": false },
												"down": { "texture": "#blackbronze", "uv": [ 0.0, 6.0, 16.0, 7.0 ], "autoUv": false }
											}
										},
										{
											"name": "blade1N",
											"from": [ -0.057, 0.0855, -0.57 ],
											"to": [ 7.063, 0.1995, 0.0 ],
											"uv": [ 0.0, 0.0 ],
											"rotationOrigin": [ 0.0, 0.1425, -0.285 ],
											"rotationY": -0.5,
											"faces": {
												"north": { "texture": "#blackbronze", "uv": [ 0.0, 4.0, 16.0, 4.5 ], "autoUv": false },
												"east": { "texture": "#blackbronze", "uv": [ 5.0, 0.0, 6.0, 0.5 ], "autoUv": false },
												"up": { "texture": "#blackbronze", "uv": [ 0.0, 5.0, 16.0, 6.0 ], "autoUv": false },
												"down": { "texture": "#blackbronze", "uv": [ 0.0, 0.0, 16.0, 1.0 ], "autoUv": false }
											}
										}
									]
								},
								{
									"name": "fuller1N",
									"from": [ 0.684, 0.1995, 0.8265 ],
									"to": [ 7.804, 0.4845, 1.1115 ],
									"uv": [ 0.0, 2.0 ],
									"rotationOrigin": [ 0.684, 0.342, 0.969 ],
									"rotationX": -45.0,
									"faces": {
										"north": { "texture": "#blackbronze", "uv": [ 0.0, 5.5, 16.0, 6.0 ], "autoUv": false },
										"east": { "texture": "#blackbronze", "uv": [ 9.5, 13.0, 10.0, 13.5 ], "autoUv": false },
										"south": { "texture": "#blackbronze", "uv": [ 0.0, 3.5, 16.0, 4.0 ], "autoUv": false },
										"up": { "texture": "#blackbronze", "uv": [ 0.0, 12.0, 16.0, 12.5 ], "autoUv": false },
										"down": { "texture": "#blackbronze", "uv": [ 0.0, 2.0, 16.0, 2.5 ], "autoUv": false }
									}
								},
								{
									"name": "fuller1S",
									"from": [ 0.684, 0.1995, 1.2255 ],
									"to": [ 7.804, 0.4845, 1.5105 ],
									"uv": [ 0.0, 6.5 ],
									"rotationOrigin": [ 0.684, 0.342, 1.368 ],
									"rotationX": -45.0,
									"faces": {
										"north": { "texture": "#blackbronze", "uv": [ 0.0, 14.0, 16.0, 14.5 ], "autoUv": false },
										"east": { "texture": "#blackbronze", "uv": [ 14.5, 6.5, 15.0, 7.0 ], "autoUv": false },
										"south": { "texture": "#blackbronze", "uv": [ 0.0, 10.0, 16.0, 10.5 ], "autoUv": false },
										"up": { "texture": "#blackbronze", "uv": [ 0.0, 6.5, 16.0, 7.0 ], "autoUv": false },
										"down": { "texture": "#blackbronze", "uv": [ 0.0, 10.5, 16.0, 11.0 ], "autoUv": false }
									}
								}
							]
						},
						{
							"name": "band",
							"from": [ 1.995, -0.057, -0.057 ],
							"to": [ 2.565, 0.627, 0.912 ],
							"uv": [ 0.5, 4.0 ],
							"rotationOrigin": [ 2.28, 0.285, 0.4275 ],
							"faces": {
								"north": { "texture": "#blackbronze", "uv": [ 11.5, 4.0, 12.5, 5.0 ], "autoUv": false },
								"east": { "texture": "#blackbronze", "uv": [ 7.0, 7.5, 8.5, 8.5 ], "autoUv": false },
								"south": { "texture": "#blackbronze", "uv": [ 7.0, 8.5, 8.0, 9.5 ], "autoUv": false },
								"west": { "texture": "#blackbronze", "uv": [ 0.5, 4.5, 2.0, 5.5 ], "autoUv": false },
								"up": { "texture": "#blackbronze", "uv": [ 2.0, 5.5, 3.0, 7.0 ], "autoUv": false },
								"down": { "texture": "#blackbronze", "uv": [ 7.0, 6.5, 8.0, 8.0 ], "autoUv": false }
							}
						}
					]
				}
			]
		}
	]}