{
	"editor": {
		"backDropShape": "entity/land/hooved/deer/elk/female",
		"collapsedPaths": "",
		"allAngles": false,
		"entityTextureMode": true
	},
	"textureWidth": 16,
	"textureHeight": 16,
	"textureSizes": {
		"metal": [16,16],
		"wood": [16,16],
		"handle": [16,16],
		"bismuthbronze": [16,16],
		"debarked/oak": [16,16],
		"blackbronze": [16,16]
	},
	"textures": {
		"plain": "game:block/leather/plain",
		"handle": "block/wood/debarked/acacia"
	},
	"elements": [
		{
			"name": "origin",
			"stepParentName": "LeftFrontStorage",
			"from": [ 3.6, 8.2, 1.8 ],
			"to": [ 3.6, 9.8887, 1.8 ],
			"uv": [ 999.0, 999.0 ],
			"rotationOrigin": [ 3.42, 8.8, 2.6601 ],
			"rotationX": 90.0,
			"rotationY": -55.0,
			"rotationZ": -8.0,
			"faces": {
			},
			"children": [
				{
					"name": "blade1",
					"from": [ 1.5, 0.24, 1.27 ],
					"to": [ 5.5, 1.54, 2.55 ],
					"autoUnwrap": false,
					"uv": [ 0.0, 6.0 ],
					"rotationOrigin": [ 3.5173, 0.2803, 1.9486 ],
					"rotationX": 180.0,
					"faces": {
						"north": { "texture": "#plain", "uv": [ 5.0, 6.0, 30.5, 7.0 ], "autoUv": false },
						"east": { "texture": "#plain", "uv": [ 2.5, 11.0, 4.5, 12.0 ], "autoUv": false },
						"south": { "texture": "#plain", "uv": [ 1.0, 1.5, 26.5, 2.5 ], "autoUv": false },
						"up": { "texture": "#plain", "uv": [ 5.0, 0.5, 30.5, 2.5 ], "autoUv": false },
						"down": { "texture": "#plain", "uv": [ 3.0, 6.0, 28.5, 8.0 ], "autoUv": false }
					},
					"children": [
						{
							"name": "Cube2",
							"from": [ -2.0, 0.35, -1.8 ],
							"to": [ -1.28, 0.95, -0.08 ],
							"uv": [ 5.5, 3.5 ],
							"rotationOrigin": [ -2.0, 0.0, -1.8 ],
							"faces": {
								"north": { "texture": "#plain", "uv": [ 5.5, 5.0, 7.0, 6.0 ], "autoUv": false },
								"east": { "texture": "#plain", "uv": [ 7.0, 5.0, 8.5, 6.0 ], "autoUv": false },
								"south": { "texture": "#plain", "uv": [ 8.5, 5.0, 10.0, 6.0 ], "autoUv": false },
								"west": { "texture": "#plain", "uv": [ 10.0, 5.0, 11.5, 6.0 ], "autoUv": false },
								"up": { "texture": "#plain", "uv": [ 5.5, 0.5, 7.0, 2.0 ], "autoUv": false },
								"down": { "texture": "#plain", "uv": [ 5.5, 3.5, 7.0, 5.0 ], "autoUv": false }
							}
						},
						{
							"name": "Cube3",
							"from": [ 1.4, 0.5, 0.74 ],
							"to": [ 2.4, 0.93, 3.99 ],
							"uv": [ 0.0, 0.0 ],
							"rotationOrigin": [ 1.44, 0.7, 1.05 ],
							"rotationX": -20.0,
							"rotationY": -25.0,
							"faces": {
								"north": { "texture": "#plain", "uv": [ 0.0, 3.5, 1.0, 4.0 ], "autoUv": false },
								"east": { "texture": "#plain", "uv": [ 1.0, 3.5, 4.5, 4.0 ], "autoUv": false },
								"south": { "texture": "#plain", "uv": [ 4.5, 3.5, 5.5, 4.0 ], "autoUv": false },
								"west": { "texture": "#plain", "uv": [ 5.5, 3.5, 9.0, 4.0 ], "autoUv": false },
								"up": { "texture": "#plain", "uv": [ 0.0, 0.0, 1.0, 3.5 ], "autoUv": false },
								"down": { "texture": "#plain", "uv": [ 1.0, 0.0, 2.0, 3.5 ], "autoUv": false }
							}
						},
						{
							"name": "Cube4",
							"from": [ -2.17, -0.2, -0.55 ],
							"to": [ -1.53, 1.51, 1.37 ],
							"uv": [ 5.5, 3.5 ],
							"rotationOrigin": [ -2.57, -1.0, 0.2 ],
							"rotationY": -23.0,
							"faces": {
								"north": { "texture": "#plain", "uv": [ 5.5, 5.0, 7.0, 6.0 ], "autoUv": false },
								"east": { "texture": "#plain", "uv": [ 7.0, 5.0, 8.5, 6.0 ], "autoUv": false },
								"south": { "texture": "#plain", "uv": [ 8.5, 5.0, 10.0, 6.0 ], "autoUv": false },
								"west": { "texture": "#plain", "uv": [ 10.0, 5.0, 11.5, 6.0 ], "autoUv": false },
								"up": { "texture": "#plain", "uv": [ 5.5, 0.5, 7.0, 2.0 ], "autoUv": false },
								"down": { "texture": "#plain", "uv": [ 5.5, 3.5, 7.0, 5.0 ], "autoUv": false }
							}
						}
					]
				},
				{
					"name": "handle1",
					"from": [ -1.2472, -0.9328, 1.3913 ],
					"to": [ 11.5528, 0.2672, 2.5913 ],
					"uv": [ 0.0, 2.5 ],
					"rotationOrigin": [ 5.1528, -0.3328, 1.9913 ],
					"rotationX": 180.0,
					"rotationY": 0.0,
					"rotationZ": 180.0,
					"faces": {
						"north": { "texture": "#debarked/oak", "uv": [ 0.0, 4.0, 16.0, 5.5 ], "autoUv": false },
						"east": { "texture": "#debarked/oak", "uv": [ 10.5, 7.0, 12.0, 8.5 ], "autoUv": false },
						"south": { "texture": "#debarked/oak", "uv": [ 0.0, 2.5, 16.0, 4.0 ], "autoUv": false },
						"west": { "texture": "#debarked/oak", "uv": [ 6.0, 5.0, 7.5, 6.5 ], "autoUv": false, "windMode": [-1,-1,-1,-1] },
						"up": { "texture": "#debarked/oak", "uv": [ 0.0, 12.5, 16.0, 14.0 ], "autoUv": false },
						"down": { "texture": "#debarked/oak", "uv": [ 0.0, 12.0, 16.0, 13.5 ], "autoUv": false }
					},
					"children": [
						{
							"name": "socket",
							"from": [ 10.8, -0.16, -0.16 ],
							"to": [ 12.4, 1.36, 1.36 ],
							"uv": [ 4.0, 0.0 ],
							"rotationOrigin": [ 11.6, 0.56, 0.64 ],
							"faces": {
								"north": { "texture": "#bismuthbronze", "uv": [ 8.0, 7.0, 10.0, 8.5 ], "autoUv": false },
								"east": { "texture": "#bismuthbronze", "uv": [ 4.5, 2.0, 6.0, 3.5 ], "autoUv": false },
								"south": { "texture": "#bismuthbronze", "uv": [ 6.0, 11.0, 8.0, 12.5 ], "autoUv": false },
								"west": { "texture": "#bismuthbronze", "uv": [ 12.5, 2.0, 14.0, 3.5 ], "autoUv": false },
								"up": { "texture": "#bismuthbronze", "uv": [ 4.0, 0.0, 6.0, 1.5 ], "autoUv": false },
								"down": { "texture": "#bismuthbronze", "uv": [ 12.5, 10.0, 14.5, 11.5 ], "autoUv": false }
							},
							"children": [
								{
									"name": "bladeneck",
									"from": [ 0.08, 0.56, -1.2 ],
									"to": [ 1.52, 0.96, 0.0 ],
									"uv": [ 3.5, 0.0 ],
									"rotationOrigin": [ 0.8, 0.8, 0.0 ],
									"faces": {
										"north": { "texture": "#bismuthbronze", "uv": [ 9.0, 4.0, 10.5, 4.5 ], "autoUv": false },
										"east": { "texture": "#bismuthbronze", "uv": [ 14.0, 1.0, 15.5, 1.5 ], "autoUv": false },
										"west": { "texture": "#bismuthbronze", "uv": [ 12.0, 0.0, 13.5, 0.5 ], "autoUv": false },
										"up": { "texture": "#bismuthbronze", "uv": [ 3.5, 8.5, 5.0, 10.0 ], "autoUv": false },
										"down": { "texture": "#bismuthbronze", "uv": [ 13.5, 13.5, 15.0, 15.0 ], "autoUv": false }
									},
									"children": [
										{
											"name": "blademiddle",
											"from": [ -0.42, -0.05, -1.26 ],
											"to": [ 2.1, 0.45, 0.42 ],
											"uv": [ 3.5, 0.5 ],
											"rotationOrigin": [ 0.84, 0.21, 0.42 ],
											"faces": {
												"north": { "texture": "#plain", "uv": [ 3.5, 0.5, 6.5, 1.0 ], "autoUv": false },
												"east": { "texture": "#plain", "uv": [ 8.5, 7.5, 10.5, 8.0 ], "autoUv": false },
												"south": { "texture": "#plain", "uv": [ 11.5, 14.0, 14.5, 14.5 ], "autoUv": false },
												"west": { "texture": "#plain", "uv": [ 4.0, 1.0, 6.0, 1.5 ], "autoUv": false },
												"up": { "texture": "#plain", "uv": [ 4.0, 6.5, 7.0, 8.5 ], "autoUv": false },
												"down": { "texture": "#plain", "uv": [ 8.0, 6.5, 11.0, 8.5 ], "autoUv": false }
											},
											"children": [
												{
													"name": "bladehorn1",
													"from": [ 2.52, 0.0, 0.0 ],
													"to": [ 3.78, 0.5, 1.68 ],
													"uv": [ 2.0, 3.5 ],
													"rotationOrigin": [ 2.52, 0.084, 0.0 ],
													"rotationY": -15.0,
													"rotationZ": 1.0,
													"faces": {
														"north": { "texture": "#plain", "uv": [ 4.0, 12.5, 5.5, 13.0 ], "autoUv": false },
														"east": { "texture": "#plain", "uv": [ 13.0, 12.0, 15.0, 12.5 ], "autoUv": false },
														"south": { "texture": "#plain", "uv": [ 7.0, 3.5, 8.5, 4.0 ], "autoUv": false },
														"up": { "texture": "#plain", "uv": [ 2.0, 11.5, 3.5, 13.5 ], "autoUv": false },
														"down": { "texture": "#plain", "uv": [ 2.5, 8.0, 4.0, 10.0 ], "autoUv": false }
													},
													"children": [
														{
															"name": "bladehorn2",
															"from": [ 1.26, 0.0, 0.0 ],
															"to": [ 2.94, 0.5, 0.84 ],
															"uv": [ 5.5, 7.0 ],
															"rotationOrigin": [ 1.26, 0.084, 0.0 ],
															"rotationY": -10.0,
															"rotationZ": -1.0,
															"faces": {
																"north": { "texture": "#plain", "uv": [ 14.0, 12.0, 16.0, 12.5 ], "autoUv": false },
																"east": { "texture": "#plain", "uv": [ 5.5, 14.0, 6.5, 14.5 ], "autoUv": false },
																"south": { "texture": "#plain", "uv": [ 13.0, 13.0, 15.0, 13.5 ], "autoUv": false },
																"west": { "texture": "#plain", "uv": [ 8.0, 13.5, 9.0, 14.0 ], "autoUv": false },
																"up": { "texture": "#plain", "uv": [ 10.0, 7.0, 12.0, 8.0 ], "autoUv": false },
																"down": { "texture": "#plain", "uv": [ 11.5, 10.5, 13.5, 11.5 ], "autoUv": false }
															},
															"children": [
																{
																	"name": "bladehorn3",
																	"from": [ 1.68, 0.0, 0.0 ],
																	"to": [ 2.31, 0.5, 0.63 ],
																	"uv": [ 1.5, 3.0 ],
																	"rotationOrigin": [ 1.68, 0.084, 0.0 ],
																	"rotationY": -45.0,
																	"rotationZ": 1.0,
																	"faces": {
																		"north": { "texture": "#plain", "uv": [ 1.5, 4.5, 2.0, 5.0 ], "autoUv": false },
																		"east": { "texture": "#plain", "uv": [ 14.5, 12.0, 15.0, 12.5 ], "autoUv": false },
																		"south": { "texture": "#plain", "uv": [ 14.0, 10.5, 14.5, 11.0 ], "autoUv": false },
																		"up": { "texture": "#plain", "uv": [ 13.0, 12.5, 13.5, 13.0 ], "autoUv": false },
																		"down": { "texture": "#plain", "uv": [ 13.5, 3.0, 14.0, 3.5 ], "autoUv": false }
																	}
																}
															]
														},
														{
															"name": "bladeback2",
															"from": [ 1.26, 0.0, 0.84 ],
															"to": [ 2.52, 0.5, 1.68 ],
															"uv": [ 1.0, 1.0 ],
															"rotationOrigin": [ 1.26, 0.084, 1.68 ],
															"rotationY": 28.0,
															"rotationZ": 1.0,
															"faces": {
																"north": { "texture": "#plain", "uv": [ 1.0, 10.5, 2.5, 11.0 ], "autoUv": false },
																"east": { "texture": "#plain", "uv": [ 3.0, 10.0, 4.0, 10.5 ], "autoUv": false },
																"south": { "texture": "#plain", "uv": [ 3.5, 1.0, 5.0, 1.5 ], "autoUv": false },
																"up": { "texture": "#plain", "uv": [ 11.5, 10.0, 13.0, 11.0 ], "autoUv": false },
																"down": { "texture": "#plain", "uv": [ 4.5, 10.5, 6.0, 11.5 ], "autoUv": false }
															}
														}
													]
												},
												{
													"name": "bladebeard1",
													"from": [ -0.84, 0.0, 0.0 ],
													"to": [ 0.0, 0.5, 1.68 ],
													"uv": [ 0.5, 1.0 ],
													"rotationOrigin": [ 0.0, 0.084, 0.0 ],
													"rotationY": 10.0,
													"rotationZ": -1.0,
													"faces": {
														"north": { "texture": "#plain", "uv": [ 0.5, 14.0, 1.5, 14.5 ], "autoUv": false },
														"south": { "texture": "#plain", "uv": [ 1.5, 4.5, 2.5, 5.0 ], "autoUv": false },
														"west": { "texture": "#plain", "uv": [ 0.5, 1.0, 2.5, 1.5 ], "autoUv": false },
														"up": { "texture": "#plain", "uv": [ 9.0, 2.5, 10.0, 4.5 ], "autoUv": false },
														"down": { "texture": "#plain", "uv": [ 13.0, 2.5, 14.0, 4.5 ], "autoUv": false }
													},
													"children": [
														{
															"name": "bladebeard2",
															"from": [ -0.84, 0.0, 0.0 ],
															"to": [ 0.0, 0.5, 0.84 ],
															"uv": [ 3.5, 1.5 ],
															"rotationOrigin": [ 0.0, 0.084, 0.0 ],
															"rotationY": 10.0,
															"rotationZ": -1.0,
															"faces": {
																"north": { "texture": "#plain", "uv": [ 14.0, 11.0, 15.0, 11.5 ], "autoUv": false },
																"south": { "texture": "#plain", "uv": [ 7.0, 1.5, 8.0, 2.0 ], "autoUv": false },
																"west": { "texture": "#plain", "uv": [ 4.5, 11.0, 5.5, 11.5 ], "autoUv": false },
																"up": { "texture": "#plain", "uv": [ 5.5, 8.0, 6.5, 9.0 ], "autoUv": false },
																"down": { "texture": "#plain", "uv": [ 3.5, 12.0, 4.5, 13.0 ], "autoUv": false }
															},
															"children": [
																{
																	"name": "bladebeard3",
																	"from": [ 0.0, 0.0, 0.0 ],
																	"to": [ 0.63, 0.5, 0.63 ],
																	"uv": [ 1.0, 0.0 ],
																	"rotationOrigin": [ 0.0, 0.084, 0.0 ],
																	"rotationY": -45.0,
																	"rotationZ": 1.0,
																	"faces": {
																		"east": { "texture": "#plain", "uv": [ 10.5, 11.5, 11.0, 12.0 ], "autoUv": false, "windMode": [-1,-1,-1,-1] },
																		"south": { "texture": "#plain", "uv": [ 12.5, 0.5, 13.0, 1.0 ], "autoUv": false },
																		"west": { "texture": "#plain", "uv": [ 3.5, 15.0, 4.0, 15.5 ], "autoUv": false },
																		"up": { "texture": "#plain", "uv": [ 1.0, 10.5, 1.5, 11.0 ], "autoUv": false },
																		"down": { "texture": "#plain", "uv": [ 3.0, 0.0, 3.5, 0.5 ], "autoUv": false }
																	}
																}
															]
														},
														{
															"name": "bladeback1",
															"from": [ -1.008, 0.0, 0.84 ],
															"to": [ 0.0, 0.5, 1.68 ],
															"uv": [ 3.5, 4.0 ],
															"rotationOrigin": [ 0.0, 0.084, 1.68 ],
															"rotationY": -45.0,
															"rotationZ": 1.0,
															"faces": {
																"south": { "texture": "#plain", "uv": [ 8.5, 10.0, 9.5, 10.5 ], "autoUv": false },
																"west": { "texture": "#plain", "uv": [ 3.5, 9.5, 4.5, 10.0 ], "autoUv": false },
																"up": { "texture": "#plain", "uv": [ 6.0, 4.0, 7.0, 5.0 ], "autoUv": false },
																"down": { "texture": "#plain", "uv": [ 9.5, 5.5, 10.5, 6.5 ], "autoUv": false }
															}
														}
													]
												}
											]
										}
									]
								},
								{
									"name": "spikemiddle",
									"from": [ 0.4, 0.56, 1.52 ],
									"to": [ 1.2, 0.96, 2.72 ],
									"uv": [ 0.5, 0.5 ],
									"rotationOrigin": [ 0.8, 0.56, 1.52 ],
									"faces": {
										"east": { "texture": "#bismuthbronze", "uv": [ 13.0, 0.5, 14.5, 1.0 ], "autoUv": false },
										"south": { "texture": "#bismuthbronze", "uv": [ 1.5, 13.0, 2.5, 13.5 ], "autoUv": false },
										"west": { "texture": "#bismuthbronze", "uv": [ 6.5, 11.0, 8.0, 11.5 ], "autoUv": false },
										"up": { "texture": "#bismuthbronze", "uv": [ 0.5, 9.0, 1.5, 10.5 ], "autoUv": false },
										"down": { "texture": "#bismuthbronze", "uv": [ 12.0, 3.0, 13.0, 4.5 ], "autoUv": false }
									},
									"children": [
										{
											"name": "spike1",
											"from": [ 0.0, 0.12, 1.2 ],
											"to": [ 0.4, 0.28, 2.4 ],
											"uv": [ 2.0, 7.5 ],
											"rotationOrigin": [ 0.0, 0.24, 1.2 ],
											"rotationY": 10.0,
											"rotationZ": 1.0,
											"faces": {
												"east": { "texture": "#bismuthbronze", "uv": [ 3.5, 13.0, 5.0, 13.5 ], "autoUv": false },
												"west": { "texture": "#bismuthbronze", "uv": [ 2.0, 13.0, 3.5, 13.5 ], "autoUv": false },
												"up": { "texture": "#bismuthbronze", "uv": [ 14.0, 7.5, 14.5, 9.0 ], "autoUv": false },
												"down": { "texture": "#bismuthbronze", "uv": [ 7.5, 11.5, 8.0, 13.0 ], "autoUv": false }
											}
										},
										{
											"name": "spike2",
											"from": [ 0.4, 0.12, 1.2 ],
											"to": [ 0.8, 0.28, 2.4 ],
											"uv": [ 1.0, 0.0 ],
											"rotationOrigin": [ 0.8, 0.24, 1.2 ],
											"rotationY": -10.0,
											"rotationZ": -1.0,
											"faces": {
												"east": { "texture": "#bismuthbronze", "uv": [ 2.5, 0.0, 4.0, 0.5 ], "autoUv": false },
												"west": { "texture": "#bismuthbronze", "uv": [ 9.5, 2.0, 11.0, 2.5 ], "autoUv": false },
												"up": { "texture": "#bismuthbronze", "uv": [ 6.5, 7.0, 7.0, 8.5 ], "autoUv": false },
												"down": { "texture": "#bismuthbronze", "uv": [ 1.0, 5.5, 1.5, 7.0 ], "autoUv": false }
											}
										},
										{
											"name": "spiketip",
											"from": [ 0.4, 0.12, 2.16 ],
											"to": [ 0.68, 0.28, 2.44 ],
											"uv": [ 0.0, 0.5 ],
											"rotationOrigin": [ 0.4, 0.24, 2.16 ],
											"rotationY": -45.0,
											"faces": {
												"east": { "texture": "#bismuthbronze", "uv": [ 10.0, 0.5, 10.5, 1.0 ], "autoUv": false },
												"south": { "texture": "#bismuthbronze", "uv": [ 11.0, 11.5, 11.5, 12.0 ], "autoUv": false },
												"up": { "texture": "#bismuthbronze", "uv": [ 0.0, 8.5, 0.5, 9.0 ], "autoUv": false },
												"down": { "texture": "#bismuthbronze", "uv": [ 7.0, 8.5, 7.5, 9.0 ], "autoUv": false }
											}
										}
									]
								}
							]
						}
					]
				}
			]
		}
	]}