[
    {
      "file": "ancientarmory:itemtypes/blades.json",
      "op": "replace",
      "path": "/heldTpHitAnimationByType/*-claymore-*",
      "value": "falx",
    "dependsOn": [
        {"modid": "kemono"}
	  ]
    },
    {
      "file": "ancientarmory:itemtypes/blades.json",
      "op": "replace",
      "path": "/heldTpHitAnimationByType/*-gladius-*",
      "value": "spearhit",
    "dependsOn": [
        {"modid": "kemono"}
	  ]
    },
    {
      "file": "ancientarmory:itemtypes/blades.json",
      "op": "replace",
      "path": "/heldTpHitAnimationByType/*-arming-*",
      "value": "spearhit",
    "dependsOn": [
        {"modid": "kemono"}
	  ]
    },
    {
      "file": "ancientarmory:itemtypes/blades.json",
      "op": "replace",
      "path": "/tpHandTransformByType/*-claymore-*",
      "value": {
          "translation": { "x": -0.68, "y": 0.18, "z": -0.87 },
          "rotation": { "x": 85, "y": 7, "z": 0 },
          "origin": { "x": 0.46, "y": -0.11, "z": 0.43 },
          "scale": 0.57
      },
    "dependsOn": [
        {"modid": "kemono"}
	  ]
    },
    {
      "file": "ancientarmory:itemtypes/blades.json",
      "op": "remove",
      "path": "/heldTpIdleAnimationByType",
    "dependsOn": [
        {"modid": "kemono"}
	  ]
    },
    {
      "file": "ancientarmory:itemtypes/club.json",
      "op": "replace",
      "path": "/heldTpHitAnimationByType",
      "value": {
        "*": "falx"
      },
    "dependsOn": [
        {"modid": "kemono"}
	  ]
    },
    {
      "file": "ancientarmory:itemtypes/extraswords.json",
      "op": "replace",
      "path": "/heldTpHitAnimationByType",
      "value": {
        "*": "falx"
      },
    "dependsOn": [
        {"modid": "kemono"}
	  ]
    },
    {
      "file": "ancientarmory:itemtypes/extraswords.json",
      "op": "replace",
      "path": "/tpHandTransformByType/*-longsword-*",
      "value": {
          "translation": { "x": -0.68, "y": 0.18, "z": -0.87 },
          "rotation": { "x": 85, "y": 7, "z": 0 },
          "origin": { "x": 0.46, "y": -0.11, "z": 0.43 },
          "scale": 0.57
      },
    "dependsOn": [
        {"modid": "kemono"}
	  ]
    },
    {
      "file": "ancientarmory:itemtypes/extraswords.json",
      "op": "remove",
      "path": "/heldTpIdleAnimationByType",
    "dependsOn": [
        {"modid": "kemono"}
	  ]
    },
    {
      "file": "ancientarmory:itemtypes/spear.json",
      "op": "replace",
      "path": "/heldTpHitAnimationByType",
      "value": {
        "*": "spearhit"
      },
    "dependsOn": [
        {"modid": "kemono"}
	  ]
    },
    {
      "file": "ancientarmory:itemtypes/spear.json",
      "op": "replace",
      "path": "/heldTpIdleAnimation",
      "value": "spearidle",
    "dependsOn": [
        {"modid": "kemono"}
	  ]
    },
    {
      "file": "ancientarmory:itemtypes/spear.json",
      "op": "replace",
      "path": "/tpHandTransformByType",
      "value": {
            "*-voulge-*": {
            "translation": { "x": -1.24, "y": 0.05, "z": -0.63 },
            "rotation": { "x": 0, "y": 0, "z": 0 },
            "origin": { "x": 0.5, "y": 0, "z": 0.5 },
            "scale": 0.8
        },
        "*-ranseur-*": {
            "translation": { "x": -1.5, "y": 0.03, "z": -0.65 },
            "rotation": { "x": -90, "y": 0, "z": 0 },
            "origin": { "x": 0.5, "y": 0, "z": 0.5 },
            "scale": 0.8
        },
        "*": {
            "translation": { "x": -1.3, "y": 0.03, "z": -0.65 },
            "rotation": { "x": -90, "y": 0, "z": 0 },
            "origin": { "x": 0.5, "y": 0, "z": 0.5 },
            "scale": 0.8
        }
      },
    "dependsOn": [
        {"modid": "kemono"}
	  ]
    },
    {
      "file": "ancientarmory:itemtypes/axe.json",
      "op": "replace",
      "path": "/tpHandTransformByType",
      "value": {
        "*-bardiche-*": {
            "translation": { "x": -1.1, "y": 0.13, "z": -0.73 },
            "rotation": { "x": 85, "y": 0, "z": 2 },
            "origin": { "x": 0.45, "y": -0.1, "z": 0.47 },
            "scale": 0.75
        },
        "*-battle-*": {
            "translation": { "x": -1.15, "y": 0.1, "z": -0.76 },
            "rotation": { "x": 85, "y": 0, "z": 2 },
            "origin": { "x": 0.6, "y": 0.05, "z": 0.62 },
            "scale": 0.8
        },
        "*-bearded-*": {
            "translation": { "x": -0.9, "y": 0.1, "z": -0.73 },
            "rotation": { "x": 85, "y": 0, "z": 2 },
            "origin": { "x": 0.6, "y": 0.05, "z": 0.62 },
            "scale": 0.85
        }
      },
    "dependsOn": [
        {"modid": "kemono"}
	  ]
    }
  ]