[
	{   
		"side": "Server",
		"dependsOn": [
			{ "modid": "stillnecessaries" }
		],
		"file": "ancientarmory:itemtypes/axe.json",
		"op": "addmerge",
		"path": "/attributes",
		"value":{
			"sharpenable": true,
			"onGrindstoneTransformByType": {
                "*-battle-*": {
                    "translation": { "x": -0.1, "y": 0.45, "z": 0.35 },
                    "rotation": { "x": 50, "y": 0, "z": 0 },
                    "origin": { "x": 0.5, "y": 0.1, "z": 0.5 },
                    "scale": 0.8
                },
                "*-bearded-*": {
                    "translation": { "x": 0, "y": 0.4, "z": 0.37 },
                    "rotation": { "x": 50, "y": 0, "z": 0 },
                    "origin": { "x": 0.5, "y": 0.1, "z": 0.5 },
                    "scale": 0.8
                },
                "*-bardiche-*": {
                    "translation": { "x": 0.1, "y": 0.37, "z": 0.39 },
                    "rotation": { "x": 50, "y": 0, "z": 0 },
                    "origin": { "x": 0.5, "y": 0.1, "z": 0.5 },
                    "scale": 0.75
                }
			}
		}
	}
]