[
	{   
		"side": "Server",
		"dependsOn": [
			{ "modid": "stillnecessaries" }
		],
		"file": "ancientarmory:itemtypes/blades.json",
		"op": "addmerge",
		"path": "/attributes",
		"value":{
			"sharpenable": true,
			"onGrindstoneTransformByType": {
                "*-claymore-*": {
                    "translation": { "x": -0.5, "y": 0.55, "z": 0.25 },
                    "rotation": { "x": 50, "y": 0, "z": 0 },
                    "origin": { "x": 0.5, "y": 0.1, "z": 0.5 },
                    "scale": 0.57
                },
                "*-arming-*": {
                    "translation": { "x": -0.25, "y": 0.55, "z": 0.25 },
                    "rotation": { "x": 50, "y": 0, "z": 0 },
                    "origin": { "x": 0.5, "y": 0.1, "z": 0.5 },
                    "scale": 0.52
                },
                "*-sabre-*": {
                    "translation": { "x": -0.25, "y": 0.55, "z": 0.25 },
                    "rotation": { "x": 50, "y": 0, "z": 0 },
                    "origin": { "x": 0.5, "y": 0.1, "z": 0.5 },
                    "scale": 0.50
                },
                "*-gladius-*": {
                    "translation": { "x": -0.25, "y": 0.55, "z": 0.25 },
                    "rotation": { "x": 50, "y": 0, "z": 0 },
                    "origin": { "x": 0.5, "y": 0.1, "z": 0.5 },
                    "scale": 0.63
                }
			}
		}
	}
]