[
	{   
		"side": "Server",
		"dependsOn": [
			{ "modid": "stillnecessaries" }
		],
		"file": "ancientarmory:itemtypes/club.json",
		"op": "addmerge",
		"path": "/attributes",
		"value":{
			"sharpenable": true,
			"onGrindstoneTransformByType": {
                "*-flanged-*": {
                    "translation": { "x": -0.45, "y": 0.55, "z": 0.28 },
                    "rotation": { "x": 50, "y": 0, "z": 0 },
                    "origin": { "x": 0.5, "y": 0.1, "z": 0.5 },
                    "scale": 0.75
                },
                "*-morningstar-*": {
                    "translation": { "x": -0.25, "y": 0.55, "z": 0.30 },
                    "rotation": { "x": 50, "y": 0, "z": 0 },
                    "origin": { "x": 0.5, "y": 0.1, "z": 0.5 },
                    "scale": 0.75
                },
                "*-spiked-*": {
                    "translation": { "x": -0.4, "y": 0.55, "z": 0.33 },
                    "rotation": { "x": 50, "y": 0, "z": 0 },
                    "origin": { "x": 0.5, "y": 0.1, "z": 0.5 },
                    "scale": 0.75
                },
                "*-warhammer-*": {
                    "translation": { "x": -0.46, "y": 0.5, "z": 0.38 },
                    "rotation": { "x": 50, "y": 0, "z": 0 },
                    "origin": { "x": 0.5, "y": 0.1, "z": 0.5 },
                    "scale": 0.8
                }
			}
		}
	}
]