{
    "code": "aa-axe",
    "damagedby": ["blockbreaking", "attacking"],
    "class": "ItemAxe",
    "tags": ["weapon", "weapon-melee", "battle-axe", "twohanded"],
    "tool": "axe",
    "creativeinventory": { "general": ["*"], "items": ["*"], "tools": ["*"], "ancientarmory": ["*"] },
    "variantgroups": [
        { "code": "type", "states": ["bearded", "battle", "bardiche"] },
        { "code": "metal", "states": ["tinbronze", "bismuthbronze", "blackbronze", "gold", "silver", "iron", "meteoriciron", "steel"] }
    ],
    "attributes": {
        "heldItemPitchFollow": 0.9,
        "handbook": { "groupBy": ["aa-axe-{type}-*"] },
        "toolrackTransformByType": {
            "*-battle-*": { "translation": { "x": -0.3, "y": 0.5, "z": -0.3 }, "rotation": { "x": -39, "y": 1, "z": -1 }, "scale": 1.2 },
            "*-bearded-*": { "translation": { "x": -0.3, "y": 0.55, "z": -0.3 }, "rotation": { "x": -39, "y": 1, "z": -1 }, "scale": 1.3 },
            "*-bardiche-*": { "translation": { "x": -0.25, "y": 0.58, "z": 0.2 }, "rotation": { "x": 0, "y": 0, "z": 0 }, "scale": 1.2 }
        },
        "groundStorageTransformByType": {
            "*-battle-*": { "translation": { "x": 0.35, "y": -0.08, "z": 0.24 }, "rotation": { "x": 34, "y": 0, "z": -90 }, "scale": 0.8 },
            "*-bearded-*": { "translation": { "x": 0, "y": 0.02, "z": -0.1 }, "rotation": { "x": 26, "y": 88, "z": -94 }, "scale": 0.8 },
            "*-bardiche-*": { "translation": { "x": 0.35, "y": 0.05, "z": 0.04 }, "rotation": { "x": 26, "y": 0, "z": -90 }, "scale": 0.75 }
        },
        "antlerMountable": true,
			"onAntlerMountTransformByType": {
				"aa-axe-bardiche-*": {
					"translation": { "x": -0.36, "y": 0.44, "z": 0.07 },
					"rotation": { "x": 0, "y": 0, "z": 90 },
					"origin": { "x": 0.5, "y": 0, "z": 0.5 },
					"scale": 0.8
				},
				"aa-axe-battle-*": {
					"translation": { "x": -0.34, "y": 0.4, "z": 0.08 },
					"rotation": { "x": 0, "y": 0, "z": 90 },
					"origin": { "x": 0.5, "y": 0, "z": 0.5 },
					"scale": 0.8
				},
				"aa-axe-bearded-*": {
					"translation": { "x": -0.34, "y": 0.45, "z": 0.08 },
					"rotation": { "x": 0, "y": 0, "z": 90 },
					"origin": { "x": 0.5, "y": 0, "z": 0.5 },
					"scale": 0.8
				}
			},
			"scrollrackableByType": {
                "*-bearded-*": true,
                "*-battle-*": true,
                "*-bardiche-*": false
            },
			"onscrollrackTransformByType": {
				"aa-axe-battle-*": {
					"translation": { "x": -0.58, "y": -0.18, "z": 0.47 },
					"rotation": { "x": -135, "y": -180, "z": -180 },
					"origin": { "x": 0.5, "y": 0, "z": 0.5 },
					"scale": 0.8
				},
				"aa-axe-bearded-*": {
					 "translation": { "x": -0.42, "y": -0.18, "z": 0.47 },
					 "rotation": { "x": -130, "y": -180, "z": -180 },
					 "origin": { "x": 0.5, "y": 0, "z": 0.5 },
					 "scale": 0.77
				}
		    }
    },
    "attributesByType": {
		"*-bearded-*": {
			"attachableToEntity": {
				"categoryCode": "utilities",
				"attachedShapeBySlotCode": {
					"frontrightside": { "base": "elk/weaponr-bearded" },
					"frontleftside": { "base": "elk/weaponl-bearded" }
				}
			}				
		},
        "*-battle-*": {
			"attachableToEntity": {
				"categoryCode": "utilities",
				"attachedShapeBySlotCode": {
					"frontrightside": { "base": "elk/weaponr-battle" },
					"frontleftside": { "base": "elk/weaponl-battle" }
				}
			}				
		},
        "*-bardiche-*": {
			"attachableToEntity": {
				"categoryCode": "utilities",
				"attachedShapeBySlotCode": {
					"frontrightside": { "base": "elk/weaponr-bardiche" },
					"frontleftside": { "base": "elk/weaponl-bardiche" }
				}
			}				
		}
	},
    "behaviors": [
        {
            "name": "GroundStorable",
            "properties": {
                "layout": "WallHalves",
                "wallOffYByType": {
                    "*-bardiche-*": 2,
                    "*": 1
                },
                "sprintKey": true,
                "selectionBox": { "x1": 0, "y1": 0, "z1": 0, "x2": 1, "y2": 0.1, "z2": 1 },
                "collisionBox": { "x1": 0, "y1": 0, "z1": 0, "x2": 0, "y2": 0, "z2": 0 }
            }
        },
        { "name": "AnimationAuthoritative", "properties": { "onlyOnEntity": true } }
    ],
    "shape": { "base": "game:item/tool/axe/{type}" },
    "textures": {
        "blackbronze2": { "base": "game:block/metal/ingot/{metal}" },
        "bismuthbronze": { "base": "game:block/metal/ingot/{metal}" },
        "blackbronze": { "base": "game:block/metal/ingot/{metal}" },
        "iron": { "base": "game:block/metal/ingot/{metal}" }
    },
    "heldRightReadyAnimationByType": {
		"*-bearded-*": "axeready",
		"*-bardiche-*": "axeready",
		"*": "beginholditem"
	},
    "heldTpHitAnimationByType": {
        "*-battle-*": "falx",
        "*-bearded-*": "axechop",
        "*-bardiche-*": "axechop"
    },

    "attackRangeByType": {
        "*-battle-*": 2.2,
        "*-bearded-*": 2.3,
        "*-bardiche-*": 2.5
    },
    "toolTierByType": {
        "*-gold": 2,
        "*-silver": 2,
        "*-bismuthbronze": 3,
        "*-tinbronze": 3,
        "*-blackbronze": 3,
        "*-iron": 4,
        "*-meteoriciron": 4,
        "*-steel": 5
    },
    "miningSpeedByType": {
        "*-bardiche-silver": { "wood": 2.6, "plant": 1.8, "leaves": 1.5 },
        "*-bardiche-gold": { "wood": 2.6, "plant": 1.8, "leaves": 1.5 },
        "*-bardiche-bismuthbronze": { "wood": 2.9, "plant": 2.1, "leaves": 1.9 },
        "*-bardiche-tinbronze": { "wood": 3, "plant": 2.2, "leaves": 2.1 },
        "*-bardiche-blackbronze": { "wood": 3.2, "plant": 2.3, "leaves": 2.2 },
        "*-bardiche-iron": { "wood": 3.6, "plant": 2.7, "leaves": 2.4 },
        "*-bardiche-meteoriciron": { "wood": 3.8, "plant": 2.9, "leaves": 2.6 },
        "*-bardiche-steel": { "wood": 4.5, "plant": 3.3, "leaves": 3 },

        "*-bearded-silver": { "wood": 3.8, "plant": 2.8, "leaves": 1.9 },
        "*-bearded-gold": { "wood": 3.8, "plant": 2.8, "leaves": 1.9 },
        "*-bearded-bismuthbronze": { "wood": 5, "plant": 3, "leaves": 2.2 },
        "*-bearded-tinbronze": { "wood": 5.5, "plant": 3.2, "leaves": 2.5 },
        "*-bearded-blackbronze": { "wood": 5.8, "plant": 3.5, "leaves": 2.7 },
        "*-bearded-iron": { "wood": 6.6, "plant": 4, "leaves": 3.1 },
        "*-bearded-meteoriciron": { "wood": 7.6, "plant": 4.5, "leaves": 3.3 },
        "*-bearded-steel": { "wood": 8.4, "plant": 5, "leaves": 3.5 },

        "*-silver": { "wood": 3.5, "plant": 2.3, "leaves": 1.6 },
        "*-gold": { "wood": 3.5, "plant": 2.3, "leaves": 1.6 },
        "*-bismuthbronze": { "wood": 4.2, "plant": 2, "leaves": 1.1 },
        "*-tinbronze": { "wood": 4.7, "plant": 2.3, "leaves": 1.5 },
        "*-blackbronze": { "wood": 5, "plant": 2.5, "leaves": 1.6 },
        "*-iron": { "wood": 6.3, "plant": 3.8, "leaves": 3.0 },
        "*-meteoriciron": { "wood": 6.6, "plant": 4, "leaves": 3.1 },
        "*-steel": { "wood": 7.0, "plant": 4.5, "leaves": 3.2 }
    },
    "durabilityByType": {
        "*-gold": 400,
        "*-silver": 400,
        "*-tinbronze": 450,
        "*-bismuthbronze": 530,
        "*-blackbronze": 600,
        "*-iron": 850,
        "*-meteoriciron": 1100,
        "*-steel": 2125
    },
    "attackPowerByType": {
        "*-bearded-gold": 3.5,
        "*-bearded-silver": 3.5,
        "*-bearded-bismuthbronze": 3.7,
        "*-bearded-tinbronze": 4,
        "*-bearded-blackbronze": 4.3,
        "*-bearded-iron": 4.6,
        "*-bearded-meteoriciron": 4.8,
        "*-bearded-steel": 5,

        "*-gold": 3.7,
        "*-silver": 3.7,
        "*-bismuthbronze": 3.9,
        "*-tinbronze": 4.2,
        "*-blackbronze": 4.5,
        "*-iron": 4.8,
        "*-meteoriciron": 5,
        "*-steel": 5.2
    },
    "fpHandTransformByType": {
        "*-battle-*": {
        "translation": { "x": -0.3, "y": -0.2, "z": 0.3 },
        "rotation": { "x": -29, "y": 1, "z": 88 },
        "origin": { "x": 0.2, "y": 0.5, "z": 0.5 },
        "scale": 2.5
        },
        "*": {
            "translation": { "x": -0.3, "y": 0, "z": 0.3 },
            "rotation": { "x": -29, "y": 1, "z": 88 },
            "origin": { "x": 0.2, "y": 0.5, "z": 0.5 },
            "scale": 2.5
        }
    },
    "guiTransformByType": {
        "*-battle-*": {
            "translation": { "x": -1, "y": 2, "z": 0 },
            "rotation": { "x": -63, "y": -123, "z": -180 },
            "origin": { "x": 0.61, "y": 0, "z": 0.47 },
            "scale": 1.58
        },
        "*": {
            "translation": { "x": 0, "y": 0, "z": 0 },
            "rotation": { "x": -63, "y": -123, "z": -180 },
            "origin": { "x": 0.61, "y": 0, "z": 0.47 },
            "scale": 1.58
        }
    },
    "groundTransform": {
        "translation": { "x": 0, "y": 0.3, "z": 0 },
        "rotation": { "x": 0, "y": 0, "z": 0 },
        "origin": { "x": 0.81, "y": 0.45, "z": 0.42 },
        "scale": 3.5
    },
    "tpHandTransformByType": {
        "*-bardiche-*": {
            "translation": { "x": -1.1, "y": 0.055, "z": -0.75 },
            "rotation": { "x": 85, "y": 0, "z": 2 },
            "origin": { "x": 0.45, "y": -0.1, "z": 0.47 },
            "scale": 0.75
        },
        "*-battle-*": {
            "translation": { "x": -1.08, "y": 0.055, "z": -0.78 },
            "rotation": { "x": 85, "y": 0, "z": 2 },
            "origin": { "x": 0.6, "y": 0.05, "z": 0.62 },
            "scale": 0.8
        },
        "*-bearded-*": {
            "translation": { "x": -1, "y": 0.055, "z": -0.73 },
            "rotation": { "x": 85, "y": 0, "z": 2 },
            "origin": { "x": 0.6, "y": 0.05, "z": 0.62 },
            "scale": 0.85
        },
        "*": {
            "translation": { "x": -1.08, "y": 0.055, "z": -0.78 },
            "rotation": { "x": 85, "y": 0, "z": 2 },
            "origin": { "x": 0.5, "y": 0.05, "z": 0.62 },
            "scale": 0.8
        }
    }
}
