{
    "code": "aa-knife",
    "class": "ItemKnife",
    "tool": "knife",
    "tags": ["weapon", "weapon-melee", "sword", "onehanded"],
    "damagedby": ["blockbreaking", "attacking"],
    "creativeinventory": { "general": ["*"], "items": ["*"], "tools": ["*"], "ancientarmory": ["*"] },
    "variantgroups": [
        { "code": "type", "states": ["dagger", "stiletto", "khanjar", "baselard"] },
        { "code": "metal", "states": ["tinbronze", "bismuthbronze", "blackbronze", "gold", "silver", "iron", "meteoriciron", "steel"] }
    ],
    "allowedVariants": [
        "*-dagger-iron",
        "*-dagger-meteoriciron",
        "*-dagger-steel",
        "*-stiletto-iron",
        "*-stiletto-meteoriciron",
        "*-stiletto-steel",
        "*-khanjar-*",
        "*-baselard-*"
        ],
    "attributes": {
        "heldItemPitchFollow": 1,
        "knifeHitBlockAnimation": "knifecut",
		"knifeHitEntityAnimation": "knifestab",

        "handbook": { "groupBy": ["aa-knife-{type}-*"] },
        "toolrackTransformByType": {
            "*-dagger-*": { "translation": { "x": 0, "y": 0.6, "z": -0.1 }, "rotation": { "x": 122, "y": 180, "z": 3 }, "origin": { "x": 0.5, "y": 0, "z": 0.5 }, "scale": 1.3 },
            "*-stiletto-*": { "translation": { "x": 0.17, "y": 0.6, "z": -0.1 }, "rotation": { "x": 0, "y": 180, "z": 0 }, "origin": { "x": 0.5, "y": 0, "z": 0.5 }, "scale": 1.6 },
            "*-khanjar-*": { "translation": { "x": 0.1, "y": 0.6, "z": -0.1 }, "rotation": { "x": 97, "y": 180, "z": 3 }, "origin": { "x": 0.5, "y": 0, "z": 0.5 }, "scale": 1.2 },
            "*-baselard-*": { "translation": { "x": 0.1, "y": 0.6, "z": -0.1 }, "rotation": { "x": 69, "y": 180, "z": 0 }, "origin": { "x": 0.5, "y": 0, "z": 0.5 }, "scale": 1.2 }
        },
        "groundStorageTransformByType": {
            "*-khanjar-*": { "translation": { "x": 0, "y": 0, "z": 0.01 }, "rotation": { "x": 26, "y": 88, "z": -97 }, "scale": 0.75 },
            "*-baselard-*": { "translation": { "x": 0, "y": 0.1, "z": 0 }, "rotation": { "x": 26, "y": 90, "z": -87 }, "scale": 0.75 },
            "*-stiletto-*": { "translation": { "x": 0, "y": 0.05, "z": 0 }, "rotation": { "x": 26, "y": 88, "z": -87 }, "scale": 0.8 },
            "*-dagger-*": { "translation": { "x": 0, "y": 0.05, "z": -0.02 }, "rotation": { "x": 26, "y": 88, "z": -90 }, "scale": 0.75 }
        },
        "antlerMountable": true,
			"onAntlerMountTransformByType": {
				"aa-knife-dagger-*": {
					"translation": { "x": -0.385, "y": 0.38, "z": 0 },
					"rotation": { "x": -90, "y": 90, "z": 0 },
					"origin": { "x": 0.5, "y": 0, "z": 0.5 },
					"scale": 0.7
				},
				"aa-knife-stiletto-*": {
					"translation": { "x": -0.38, "y": 0.47, "z": 0 },
					"rotation": { "x": -90, "y": 90, "z": 0 },
					"origin": { "x": 0.5, "y": 0, "z": 0.5 },
					"scale": 0.75
				},
				"aa-knife-khanjar-*": {
					"translation": { "x": -0.39, "y": 0.41, "z": 0 },
					"rotation": { "x": 90, "y": -90, "z": 0 },
					"origin": { "x": 0.5, "y": 0, "z": 0.5 },
					"scale": 0.75
				},
				"aa-knife-baselard-*": {
					"translation": { "x": -0.38, "y": 0.42, "z": 0 },
					"rotation": { "x": -90, "y": 90, "z": 0 },
					"origin": { "x": 0.5, "y": 0, "z": 0.5 },
					"scale": 0.75
				}
			},
			"scrollrackable": true,
			"onscrollrackTransformByType": {
				"aa-knife-dagger-*": {
					"translation": { "x": -0.48, "y": -0.18, "z": 0.48 },
					"rotation": { "x": -19, "y": -180, "z": 0 },
					"origin": { "x": 0.5, "y": 0.1, "z": 0.5 },
					"scale": 0.8
				},
				"aa-knife-stiletto-*": {
					"translation": { "x": -0.38, "y": -0.18, "z": 0.48 },
					"rotation": { "x": -19, "y": -180, "z": 0 },
					"origin": { "x": 0.5, "y": 0.1, "z": 0.5 },
					"scale": 0.8
				},
				"aa-knife-khanjar-*": {
					"translation": { "x": -0.48, "y": -0.18, "z": 0.48 },
					"rotation": { "x": -19, "y": -180, "z": 0 },
					"origin": { "x": 0.5, "y": 0.1, "z": 0.5 },
					"scale": 0.8
				},
				"aa-knife-baselard-*": {
					"translation": { "x": -0.48, "y": -0.18, "z": 0.48 },
					"rotation": { "x": -19, "y": -180, "z": 0 },
					"origin": { "x": 0.5, "y": 0.1, "z": 0.5 },
					"scale": 0.8
				}
	    },
        "displayCaseable": true,
            "onDisplayTransformByType": {
                "*-dagger-*": {
                    "translation": { "x": -0.5, "y": -0.44, "z": 0.09 },
                    "rotation": { "x": -85, "y": 0, "z": 90 }
                },
                "*-stiletto-*": {
                    "translation": { "x": 0, "y": 0.09, "z": 0.2 },
                    "rotation": { "x": 7, "y": 90, "z": 4 }
                },
                "*-khanjar-*": {
                    "translation": { "x": -0.48, "y": -0.47, "z": 0.1 },
                    "rotation": { "x": -90, "y": 0, "z": 90 }
                },
                "*-baselard-*": {
                    "translation": { "x": -0.49, "y": -0.46, "z": 0.1 },
                    "rotation": { "x": -90, "y": 0, "z": 90 }
                }
        }
    },
    "behaviors": [
        {
            "name": "GroundStorable",
            "properties": {
                "layout": "WallHalves",
                "wallOffY": 1,
                "sprintKey": true,
                "selectionBox": { "x1": 0, "y1": 0, "z1": 0, "x2": 1, "y2": 0.1, "z2": 1 },
                "collisionBox": { "x1": 0, "y1": 0, "z1": 0, "x2": 0, "y2": 0, "z2": 0 }
            }
        },
        { "name": "AnimationAuthoritative" }
    ],
    "shape": { "base": "game:item/tool/knife/{type}" },
    "textures": {
        "meteoriciron": { "base": "game:block/metal/ingot/{metal}" },
        "ingot-silver": { "base": "game:block/metal/ingot/{metal}" },
        "blackbronze": { "base": "game:block/metal/ingot/{metal}" }
    },
    "heldTpHitAnimation": "knifestab",
    "durabilityByType": {
        "*-gold": 300,
        "*-silver": 450,
        "*-tinbronze": 450,
        "*-bismuthbronze": 500,
        "*-blackbronze": 550,
        "*-iron": 900,
        "*-meteoriciron": 1200,
        "*-steel": 2250
    },
    "miningSpeedByType": {
        "*-silver": { "plant": 1.6 },
        "*-gold": { "plant": 1.6 },
        "*-bismuthbronze": { "plant": 1.6 },
        "*-tinbronze": { "plant": 1.7 },
        "*-blackbronze": { "plant": 1.8 },
        "*-iron": { "plant": 1.9 },
        "*-meteoriciron": { "plant": 2.1 },
        "*-steel": { "plant": 2.3 }
    },
    "attackPowerByType": {
        "*-khanjar-bismuthbronze": 3,
        "*-khanjar-tinbronze": 3,
        "*-khanjar-gold": 3,
        "*-khanjar-silver": 3,
        "*-khanjar-blackbronze": 3.5,
        "*-khanjar-iron": 4,
        "*-khanjar-meteoriciron": 4.5,
        "*-khanjar-steel": 4.8,

        "*-stiletto-bismuthbronze": 2.8,
        "*-stiletto-tinbronze": 2.8,
        "*-stiletto-gold": 2.8,
        "*-stiletto-silver": 2.8,
        "*-stiletto-blackbronze": 3.3,
        "*-stiletto-iron": 3.8,
        "*-stiletto-meteoriciron": 4.3,
        "*-stiletto-steel": 4.6,

        "*-bismuthbronze": 2.5,
        "*-tinbronze": 2.5,
        "*-gold": 2.5,
        "*-silver": 2.5,
        "*-blackbronze": 3,
        "*-iron": 3.5,
        "*-meteoriciron": 4,
        "*-steel": 4.3
    },
    "attackRangeByType": {
        "*-dagger-*": 1.9,
        "*-stiletto-*": 1.7,
        "*-khanjar-*": 1.8,
        "*-baselard-*": 1.9
    },
    "toolTierByType": {
        "*-khanjar-bismuthbronze": 2,
        "*-khanjar-tinbronze": 2,
        "*-khanjar-gold": 2,
        "*-khanjar-silver": 2,
        "*-khanjar-blackbronze": 2,
        "*-khanjar-iron": 3,
        "*-khanjar-meteoriciron": 3,
        "*-khanjar-steel": 4,

        "*-gold": 3,
        "*-silver": 3,
        "*-bismuthbronze": 3,
        "*-tinbronze": 3,
        "*-blackbronze": 3,
        "*-iron": 4,
        "*-meteoriciron": 4,
        "*-steel": 5
    },
    "fpHandTransform": {
        "translation": { "x": 0.2, "y": 0.1, "z": 0.5 },
        "rotation": { "x": 140, "y": 93, "z": -75 },
        "scale": 2.5
    },
    "guiTransformByType": {
        "*-dagger-*": {
            "translation": { "x": -3, "y": 0, "z": 0 },
            "rotation": { "x": -168, "y": 0, "z": 43 },
            "origin": { "x": 0.48, "y": 0.1, "z": 0.5 },
            "scale": 1.84
        },
        "*-stiletto-*": {
            "translation": { "x": -2, "y": -2, "z": 0 },
            "rotation": { "x": -161, "y": 11, "z": 43 },
            "origin": { "x": 0.58, "y": 0.1, "z": 0.5 },
            "scale": 2.3
        },
        "*-khanjar-*": {
            "translation": { "x": -4, "y": -3, "z": 0 },
            "rotation": { "x": -160, "y": 0, "z": 43 },
            "origin": { "x": 0.75, "y": 0.4, "z": 1.24 },
            "scale": 1.9
        },
        "*-baselard-*": {
            "translation": { "x": 0, "y": -4, "z": 0 },
            "rotation": { "x": -158, "y": 0, "z": 48 },
            "origin": { "x": 0.78, "y": 0.2, "z": 0.9 },
            "scale": 1.95
        }
    },
    "groundTransform": {
        "translation": { "x": 0, "y": 0, "z": 0 },
        "rotation": { "x": -90, "y": 0, "z": 0 },
        "origin": { "x": 0.5, "y": 0.5, "z": 0.45 },
        "scale": 3.6
    },
    "tpHandTransformByType": {
        "*-dagger-*": {
            "translation": { "x": -0.96, "y": -0.15, "z": -0.65 },
            "rotation": { "x": 0, "y": 0, "z": -3 },
            "scale": 0.75
        },
        "*-stiletto-*": {
            "translation": { "x": -0.74, "y": -0.1, "z": -0.75 },
            "rotation": { "x": -18, "y": 0, "z": -3 },
            "scale": 0.85
        },
        "*-baselard-*": {
            "translation": { "x": -0.87, "y": -0.15, "z": -0.83 },
            "rotation": { "x": -19, "y": 0, "z": -3 },
            "scale": 0.75
        },
        "*": {
            "translation": { "x": -0.9, "y": -0.15, "z": -0.66 },
            "rotation": { "x": 0, "y": 0, "z": -3 },
            "scale": 0.75
        }
    }
}
