{
  "version": 20,
  "file": "BetterErProspecting.json",
  "settings": [
    {
      "type": "separator",
      "title": "Density",
      "weight": 1.0,
      "collapsible":  true
    },
    {
      "code": "EnableDensityMode",
      "ingui": "Enables density mode",
      "type": "boolean",
      "comment": "",
      "default": true,
      "weight": 1.05
    },
    {
      "code": "OneShotDensity",
      "ingui": "One Shot density mode",
      "type": "boolean",
      "comment": "Has no impact if new density is enabled",
      "default": false,
      "weight": 1.07
    },
    {
      "code": "NewDensityMode",
      "ingui": "Use new density mode",
      "type": "boolean",
      "comment": "Replaces vanilla mode with the new density mode",
      "default": true,
      "weight": 1.1
    },
    {
      "code": "NewDensityDmg",
      "ingui": "Tool damage for new density",
      "type": "integer",
      "comment": "",
      "default": 3,
      "range": {
        "min": 1,
        "max": 10
      },
      "weight": 1.2
    },
    {
      "code": "LinearDensityScaling",
      "ingui": "Linear density scaling (EXPERIMENTAL)",
      "type": "boolean",
      "comment": "Makes vanilla propick readings scale linearly (0-1) instead of the default 0-0.75 range. This affects all propick readings, not just the new density mode. Works instantly. Feedback is appreciated!",
      "default": false,
      "weight": 1.25
    },
    {
      "code": "OreDetectionMultiplier",
      "ingui": "Ore detection radius multiplier (EXPERIMENTAL)",
      "type": "float",
      "comment": "Multiplies the sampling radius for ore detection. By default, ores are sampled in 4 chunks around the current position but PPT are calculated as if it was 1 chunk. A value of 1.0 is the current behavior. 0.5 would mean it only checks the current chunk radius. Higher values will make density readings appear too high, while lower values will require sampling every chunk for accuracy. Feedback is appreciated! /reprospect for old readings",
      "default": 1.0,
      "range": {
        "min": 0.5,
        "max": 2.0,
        "step": 0.05
      },
      "weight": 1.3
    },
    {
      "type": "separator",
      "title": "Total Factor toggles. ( Low factor from other mods fixes )",
      "weight": 1.9,
      "collapsible": true
    },
    {
      "code": "UpliftTraceOres",
      "ingui": "Uplift ores to trace",
      "type": "boolean",
      "comment": "Readings only display values above 0.0025 factor. Turning this on will add all those even single-block ores as traces, whereas in base game they wouldn't be registered. I'd recommend against enabling.",
      "default": false,
      "weight": 1.91
    },
    {
      "code": "UpliftToPoorNoGeneratorFound",
      "ingui": "Uplift all unregistered generators ores to poor instead",
      "type": "boolean",
      "comment": "Only for ores that do not have a registered generator, i.e. Interesting Ore Gen. Requires the Uplift to trace enabled. This would make the PPT values visible, unlike traces. Can lead to erroneous exaggerations of very low counts of ore/gems but some mods without integration might require this.",
      "default": true,
      "weight": 1.95
    },
    {
      "code": "UpliftAllToPoor",
      "ingui": "Uplift all ores to poor instead",
      "type": "boolean",
      "comment": "Requires the Uplift to trace enabled. This would make the PPT values visible, unlike previously. Can lead to erroneous exaggerations of very low counts of ore/gems but some mods without integration might require this. Highly unrecommended. If enabled, also supercedes and automatically enables the previous setting. Usually the previous feature is enough.",
      "default": false,
      "weight": 1.96
    },
    {
      "type": "separator",
      "title": "Proximity",
      "weight": 2.0,
      "collapsible": true
    },
    {
      "code": "AddProximityMode",
      "ingui": "Enable Proximity Mode",
      "type": "boolean",
      "comment": "Enables proximity mode. Looks for closest ore. Sphere-based",
      "default": true,
      "weight": 2.1
    },
    {
      "code": "ProximitySearchRadius",
      "ingui": "Proximity mode search radius",
      "type": "integer",
      "comment": "I'd recommend low values to leave node mode useful (if enabled )",
      "default": 5,
      "range": {
        "min": 1,
        "max": 10
      },
      "weight": 2.2
    },
    {
      "code": "ProximityDmg",
      "ingui": "Proximity Damage",
      "type": "integer",
      "comment": "Tool damage for proximity mode",
      "default": 2,
      "range": {
        "min": 1,
        "max": 10
      },
      "weight": 2.3
    },
    {
      "type": "separator",
      "title": "Stone",
      "weight": 3.0,
      "collapsible": true
    },
    {
      "code": "AddStoneMode",
      "ingui": "Enable Stone Mode",
      "type": "boolean",
      "comment": "Enable big range stone search mode with exact distance to block. Sphere-based",
      "default": true,
      "weight": 3.1
    },
    {
      "code": "StonePercentSearch",
      "ingui": "Percentage Stone Search",
      "type": "boolean",
      "comment": "If enabled, stone mode displays percentage of found rocks relative to total found rocks. Immersion hurrah",
      "default": true,
      "weight": 3.15
    },
    {
      "code": "StoneSearchRadius",
      "ingui": "Stone search radius",
      "type": "integer",
      "comment": "Stone mode search radius",
      "default": 64,
      "weight": 3.2
    },
    {
      "code": "StoneDmg",
      "ingui": "Stone Damage",
      "type": "integer",
      "comment": "Tool damage for stone mode",
      "default": 3,
      "range": {
        "min": 1,
        "max": 10
      },
      "weight": 3.3
    },
    {
      "type": "separator",
      "title": "Borehole",
      "weight": 4.0,
      "collapsible": true
    },
    {
      "code": "AddBoreHoleMode",
      "ingui": "Enable Borehole Mode",
      "type": "boolean",
      "comment": "A straight-line mode. Only reports when breaking the top of the block, scans the world until the bottom and reports selected blocks ( Any or both of Ore and Stone blocks )",
      "default": true,
      "weight": 4.1
    },
    {
      "code": "BoreholeDmg",
      "ingui": "Borehole Damage",
      "type": "integer",
      "comment": "Tool damage for borehole mode",
      "default": 4,
      "range": {
        "min": 1,
        "max": 10
      },
      "weight": 4.2
    },
    {
      "code": "BoreholeRadius",
      "ingui": "Borehole Radius",
      "type": "integer",
      "comment": "Radius for borehole mode. 0 Makes a line",
      "default": 8,
      "range": {
        "min": 0,
        "max": 10
      },
      "weight": 4.25
    },
    {
      "type": "separator",
      "text": "At least one must be selected",
      "weight": 4.3
    },
    {
      "code": "BoreholeScansOre",
      "ingui": "Borehole Scans Ore",
      "type": "boolean",
      "comment": "Allows borehole to scan ore",
      "default": true,
      "weight": 4.4
    },
    {
      "code": "BoreholeScansStone",
      "ingui": "Borehole Scans Stone",
      "type": "boolean",
      "comment": "Allows borehole to scan stone",
      "default": false,
      "weight": 4.5
    },
    {
      "type": "separator",
      "title": "DebugMode",
      "weight": 99.0
    },
    {
      "code": "DebugMode",
      "ingui": "Enable Debug Mode",
      "type": "boolean",
      "comment": "Enables in-game debug messages",
      "default": false,
      "weight": 100.0
    }
  ]
}
