﻿[
    // Spheniscidae
    {
        "side": "server",
        "file": "spheniscidae:entities/land/spheniscidae",
        "op": "add",
        "path": "/server/behaviors/-",
        "value": {
            "code": "EntityBleedingBehavior"
        }
    },
    {
        "side": "server",
        "file":  "spheniscidae:entities/land/spheniscidae",
        "op": "add",
        "path": "/client/behaviors/-",
        "value": {
            "code": "EntityBleedingBehaviorParticles"
        }
    }
]